5,2007-08-01,397.6794,79.04504,983.38965,197.595,913.36414,510.13095
5,2007-09-01,469.8428,139.76176,1045.88,183.53833,1375.4194,573.6609
5,2007-10-01,360.37418,209.64043,529.53,115.02167,1585.2426,511.96237
5,2007-11-01,46.326447,89.70812,286.097,195.51967,1134.2833,597.9097
5,2007-12-01,86.17519,10.778255,351.37466,188.73334,725.0206,654.4792
5,2008-12-01,883.9343,49.90685,3457.296,351.37466,1086.8556,725.0206
5,2009-01-01,12.871653,122.23599,15511.976,13743.021,1354.7233,609.5877
5,2009-03-01,102.51183,183.00037,11416.299,5637.349,1151.1947,406.78204
5,2009-04-01,25.864946,80.19561,13570.189,10781.548,867.14557,481.22458
5,2009-07-01,54.554737,33.75536,3282.48,2123.83,720.05896,538.3403
5,2009-08-01,124.7018,14.073792,2850.5686,1268.6007,847.58826,743.0175
5,2009-10-01,15.678904,88.16906,2463.8206,2129.879,1323.9036,703.57135
5,2009-11-01,20.931812,61.974495,1901.5186,1572.389,1488.0712,918.7071
5,2010-08-01,32.744743,6.6071906,3783.98,2850.5686,903.59,847.58826
5,2010-09-01,84.48398,30.773905,4936.493,2675.8384,1176.0662,899.31256
5,2010-10-01,21.039389,12.305298,2982.1934,2463.8206,1486.8138,1323.9036
5,2010-12-01,50.684147,48.280495,3145.2083,2087.2854,2188.5613,1475.9603
5,2011-02-01,21.267662,7.634033,2118.6357,1747.074,1444.0719,1341.6499
5,2012-05-01,1107.913,4.501175,31982.635,2647.7598,647.4936,619.6041
5,2012-06-01,94.82049,9.042783,13620.371,6991.2417,630.6661,578.3657
5,2013-01-01,17.604069,72.4662,2599.4355,2210.328,1266.7518,734.4928
5,2013-07-01,141.45819,158.3022,25049.863,10374.41,1915.4279,741.54535
5,2013-12-01,32.172493,54.10744,2797.014,2116.1846,1838.1895,1192.7974
5,2014-05-01,16.353706,1.0476751,4145.082,3562.484,1044.3195,1033.4918
5,2014-06-01,5.9624686,3.8135133,6166.876,5819.868,1134.6667,1092.9856
5,2015-01-01,67.979065,17.160149,4319.3564,2571.366,1567.4044,1337.8307
5,2015-02-01,18.417183,36.801727,4422.3643,3734.563,1523.2664,1113.4847
5,2015-03-01,53.996284,52.303135,4703.444,3054.258,1654.0922,1086.0526
5,2015-04-01,36.241173,39.75279,4695.2085,3446.2478,1471.2932,1052.7827
5,2015-05-01,83.51156,23.548622,7606.7046,4145.082,1290.2423,1044.3195
5,2015-06-01,6.4698524,21.70912,6565.864,6166.876,1380.9929,1134.6667
7,2007-01-01,3.9785113,53.9524,37136.55,35715.6,695.793,451.95334
7,2007-04-01,16.709618,66.307,32178.3,27571.25,623.125,374.68356
7,2007-06-01,8.688369,92.49773,36765.2,33826.25,711.8272,369.78473
7,2007-08-01,16.172325,150.29639,40487.2,34850.984,989.3293,395.2631
7,2007-09-01,21.969336,133.56831,82659.35,67770.6,888.5847,380.4389
7,2007-10-01,388.0141,89.66758,194998.8,39957.617,756.5914,398.9039
7,2007-11-01,30.647745,85.04841,113466.85,86849.45,674.24445,364.3611
7,2007-12-01,76.38942,41.653976,84142.4,47702.633,575.17035,406.03897
7,2009-05-01,45.886185,31.35272,25197.316,17271.9,734.74457,559.3676
7,2009-10-01,67.5298,50.313313,130537.3,77918.85,1023.9387,681.20294
7,2009-11-01,37.959522,63.615376,94555.8,68538.8,1332.4541,814.38196
7,2009-12-01,192.90108,38.00314,74038.51,25277.65,1650.8826,1196.2645
7,2010-08-01,23.602598,12.360647,55511.8,44911.516,835.7888,743.8448
7,2010-09-01,1161.9441,27.28724,62550.15,4956.65,999.20483,785
7,2010-12-01,8.867989,5.3741226,80604.234,74038.51,1739.603,1650.8826
7,2011-01-01,0.17643932,20.341095,51562.566,51471.75,1739.3817,1445.3763
7,2011-02-01,14.817451,0.07253032,46558.418,40549.95,1155.729,1154.8914
7,2011-04-01,0.8929445,3.0808413,53841.484,53364.965,705.1132,684.03906
7,2011-09-01,25.376276,35.36467,78423.05,62550.15,1352.5703,999.20483
7,2013-05-01,9.86471,99.07213,60305.25,54890.465,1132.9694,569.12506
7,2013-09-01,87.83882,230.67722,138622.67,73798.734,2603.9856,787.4705
7,2015-02-01,246.19078,39.48642,215591.3,62275.285,1309.2322,938.6091
7,2015-05-01,20.142288,3.2226737,69075.25,57494.535,1001.4852,970.21826
10,2007-01-01,96.38351,23.849989,15109.099,7693.67,1082.938,874.3949
10,2007-02-01,6.310186,102.643265,8895.983,8367.95,1322.6674,652.7073
10,2007-03-01,121.847,103.39619,17443.686,7862.935,1290.5586,634.5048
10,2007-04-01,168.4059,76.00991,29287.494,10911.644,1053.2117,598.382
10,2007-05-01,7.247917,51.546967,20179.79,18816.02,955.32605,630.3828
10,2007-08-01,149.1256,87.672935,23928.42,9604.963,1367.6539,728.7433
10,2007-10-01,169.06631,177.30377,10875.795,4042.05,1860.3951,670.8871
10,2007-11-01,247.15094,101.59105,13441.685,3872,1413.2653,701.05554
10,2007-12-01,1543.7865,67.894135,68274.016,4153.46,1145.9678,682.5538
10,2010-12-01,60.999084,55.113293,1549.16,962.2167,3668.36,2364.9553
10,2011-01-01,152.37288,96.81458,4206.69,1666.855,3944.4775,2004.1592
10,2011-02-01,317.21066,4.786092,5531.65,1325.865,1892.2325,1805.805
10,2011-07-01,476.81226,11.301541,5018.18,869.985,1274.485,1145.074
10,2011-08-01,98.67176,25.694286,4461.85,2245.84,1541.4133,1226.3193
10,2011-09-01,76.06843,11.364134,3524.1768,2001.595,1855.625,1666.2681
10,2012-12-01,475.44803,46.330505,5005.995,869.93,1665.3169,1138.0518
10,2013-01-01,268.30746,75.38135,5722.547,1553.7417,1777.2716,1013.3755
10,2013-02-01,175.8003,120.11049,5361.7783,1944.08,2323.014,1055.3854
10,2013-04-01,44.282513,65.55809,5914.455,4099.2183,1637.2933,988.954
10,2013-05-01,87.19147,66.745316,6140.342,3280.2466,1634.89,980.4713
10,2013-06-01,1065.6714,92.97449,5057.79,433.895,1778.0642,921.3986
10,2013-07-01,163.34875,104.24584,1546.7,587.32,2466.974,1207.8455
10,2013-08-01,197.58702,236.11949,1948.1633,654.6533,4262.2026,1268.0618
10,2013-09-01,46.92839,278.3634,2339.5383,1592.2983,4909.955,1297.6824
10,2013-10-01,89.36796,284.1803,1690.655,892.7883,4924.327,1281.775
10,2013-11-01,34.916443,180.01741,1835.5359,1360.4983,4375.9346,1562.7366
10,2014-07-01,44.778236,3.370997,2239.285,1546.7,2550.1357,2466.974
10,2015-01-01,11.937766,0.3110769,2004.7084,1790.9133,2029.1765,2022.8838
11,2007-08-01,333.63443,96.42992,1974.4749,455.33167,1050.2029,534.6451
11,2007-09-01,112.80085,202.65105,2765.791,1299.7086,1518.6025,501.7668
11,2007-10-01,107.37402,254.4739,2636.8716,1271.5535,1767.9039,498.7402
11,2007-11-01,312.93146,107.798386,3527.074,854.15485,1133.4652,545.4639
11,2007-12-01,467.97375,7.7289133,4518.0884,795.47485,684.3357,635.23865
11,2009-04-01,203.14153,78.021355,4278.7446,1411.4677,900.757,505.98257
11,2009-08-01,13.442014,1.933764,3196.612,2817.838,846.47125,830.413
11,2010-08-01,10.736365,0.2509052,3539.812,3196.612,848.5951,846.47125
11,2010-12-01,52.14046,56.64767,3021.4182,1985.94,2347.8271,1498.7948
11,2011-07-01,36.755676,6.0326476,3185.408,2329.2693,820.23883,773.57196
11,2011-09-01,279.59543,15.955164,2773.9126,730.755,1370.7865,1182.1694
11,2012-05-01,317.32388,18.88485,6339.005,1518.9653,652.6961,549.0154
11,2012-06-01,37.587757,18.14954,4778.976,3473.402,692.3278,585.9759
11,2012-12-01,14.117988,59.736168,3783.4312,3315.368,1349.5555,844.86536
11,2013-02-01,15.519773,163.68695,5740.521,4969.2974,1723.574,653.64404
11,2013-04-01,14.548109,80.38741,5601.132,4889.7637,1289.14,714.65076
11,2013-05-01,8.765192,59.098476,6894.631,6339.005,1038.4296,652.6961
11,2013-07-01,257.0671,141.43555,13908.586,3895.23,1931.9349,800.18665
11,2014-06-01,0.943873,4.4558635,4530.6553,4488.2915,1205.034,1153.6299
11,2015-01-01,9.65534,19.617153,3799.2922,3464.758,1574.8652,1316.5881
11,2015-04-01,29.828688,37.2135,5900.1484,4544.5645,1481.3673,1079.6075
11,2015-05-01,14.804565,22.694332,6090.894,5305.446,1285.4688,1047.7002
15,2007-08-01,146.25504,65.67767,6769.342,2748.915,835.9227,504.5476
15,2007-10-01,90.17735,140.69467,11686.753,6145.1865,1229.0686,510.63388
15,2007-11-01,304.5027,91.97772,14192.248,3508.5671,935.8221,487.4639
15,2007-12-01,245.08595,2.756424,21897.674,6345.571,586.849,571.1069
15,2009-04-01,26.115822,59.38899,8556.904,6784.957,707.39124,443.81436
15,2009-05-01,5.6853065,46.513424,9328.293,8826.48,595.199,406.24194
15,2009-07-01,46.46532,24.644417,7332.89,5006.571,656.76044,526.9072
15,2009-08-01,40.30466,4.6935434,3439.6575,2451.5632,667.3461,637.42816
15,2009-09-01,26.937904,18.601925,5895.649,4644.514,716.03357,603.72845
15,2009-12-01,72.280174,32.629818,5638.03,3272.5935,1301.6188,981.3923
15,2010-05-01,0.77010757,16.40532,9400.131,9328.293,692.84326,595.199
15,2011-01-01,61.978294,109.212425,2776.902,1714.3668,2788.1633,1332.695
15,2012-06-01,127.655136,7.746188,20944.566,9200.129,587.83746,545.5761
15,2012-07-01,455.6968,3.0050461,13327.622,2398.362,649.3995,630.45404
15,2013-02-01,392.25735,120.33568,2181.0652,443.07416,1370.2024,621.8704
15,2013-12-01,36.163128,91.66749,3562.554,2616.3867,1772.9586,925.01794
15,2014-01-01,36.495308,30.7699,3206.645,2349.2712,1246.7312,953.3778
15,2014-06-01,0.90135705,18.440754,4089.0925,4052.5645,1155.0847,975.2426
15,2014-07-01,14.732509,26.957363,3727.3833,3248.7595,1857.7479,1463.2849
15,2015-02-01,5.4500794,16.085157,3499.2134,3318.36,1254.3796,1080.5685
15,2015-03-01,52.850956,8.91754,4362.8477,2854.315,1152.1682,1057.8353
15,2015-04-01,25.561747,5.763492,5378.4185,4283.485,1090.2765,1030.8628
23,2007-02-01,308.14236,39.0926,249.375,61.1,1402.7898,1008.5294
23,2007-03-01,404.44446,35.497574,406.70834,80.625,1372.4775,1012.9167
23,2007-04-01,97.349304,83.297615,452.91666,229.5,1145.6101,625
23,2007-06-01,47.534985,36.77763,1094.7833,742.05,966.0903,706.32184
23,2007-07-01,63.524254,60.125126,1632.1083,998.0833,1116.2809,697.1304
23,2007-09-01,0.7378712,116.51662,1638.0834,1626.085,1812.1759,836.9685
23,2007-10-01,20.50142,151.4785,1598.5416,1326.575,2083.266,828.4073
23,2007-11-01,95.573105,93.30031,1572.75,804.175,1752.0436,906.3843
23,2007-12-01,757.56036,10.09909,2269.5334,264.65,1038.2639,943.0268
23,2009-04-01,3.2399688,94.54245,1752.3917,1697.3966,1340.6287,689.11884
23,2009-06-01,137.90454,72.48248,2864.22,1203.9366,1199.3138,695.325
23,2009-07-01,46.734573,45.156387,3637.205,2478.765,1241.1958,855.0749
23,2009-08-01,82.66669,9.446963,3803.02,2081.945,1285.176,1174.2455
23,2009-09-01,15.417748,6.710495,2556.255,2214.785,1307.4333,1225.2153
23,2009-10-01,71.13706,75.530525,3148.44,1839.7184,2151.483,1225.703
23,2009-11-01,85.784996,65.98442,2768.345,1490.08,2378.3682,1432.8864
23,2009-12-01,50.847084,39.385246,2982.9634,1977.475,2293.6067,1645.5161
23,2010-01-01,25.892426,26.694458,2095.7166,1664.6884,2165.215,1709.0054
23,2010-02-01,487.7748,10.126303,1213.51,206.45833,1848.9584,1678.9435
23,2011-09-01,404.48184,20.656317,1161.8134,230.29834,1705.6697,1413.6597
23,2012-07-01,2.736697,3.4012713,1582.7,1540.54,1145.1501,1107.4817
23,2012-12-01,15.977565,29.258787,1599.06,1378.7667,1715.0336,1326.8217
23,2013-01-01,54.54452,42.881874,1515.34,980.52,1708.837,1195.9789
23,2013-02-01,15.03637,115.245834,977.8283,850.01666,2376.88,1104.263
23,2013-04-01,28.465775,57.19139,1315.875,1024.3,1329.7667,845.9539
23,2013-06-01,100.97735,40.76077,2011.7833,1001,1426.981,1013.76324
23,2013-07-01,19.12902,105.83912,1885.455,1582.7,2357.167,1145.1501
23,2013-10-01,13.916519,340.46432,1740.7583,1528.1,5614.5312,1274.6847
23,2013-12-01,19.193672,62.559326,1905.9784,1599.06,2787.947,1715.0336
23,2014-01-01,62.020195,8.511012,2455.1567,1515.34,1854.2764,1708.837
23,2014-04-01,30.33178,3.3012133,1715.0033,1315.875,1373.6652,1329.7667
23,2014-05-01,36.031162,21.703554,1773.6333,1303.8434,1661.8594,1365.4978
23,2015-03-01,10.170927,37.838493,1888.3683,1714.035,1772.8383,1286.1707
23,2015-04-01,17.96226,28.465097,2023.0566,1715.0033,1764.6803,1373.6652
23,2015-06-01,17.79085,20.198046,1706.5067,1448.76,2404.9468,2000.8202
28,2012-12-01,65.25224,38.550957,57946.53,35065.504,798.8386,576.56665
28,2013-10-01,39.45636,427.8249,33440.676,23979.312,2727.3127,516.7079
28,2014-05-01,59.86913,13.487286,36759.418,22993.443,623.79834,549.66364
28,2015-04-01,19.323437,47.389194,25947.723,21745.705,822.06323,557.75
31,2007-01-01,5.9635153,76.798096,3960.1233,3737.2517,782.04974,442.34058
31,2007-05-01,7.627692,92.95837,4698.72,4365.717,481.9403,249.76389
31,2007-06-01,14.954729,83.59774,4904.6816,4266.62,491.5611,267.7381
31,2007-07-01,5.537013,87.91067,5639.1436,5343.285,655.37634,348.77017
31,2007-10-01,141.9999,280.37213,2748.2717,1135.65,1295.5914,340.61157
31,2008-11-01,43.95064,3.8511424,2795.9917,1942.3267,871.06946,838.76733
31,2008-12-01,65.01393,86.15514,2655.3767,1609.1833,924.1129,496.42084
31,2009-01-01,93.10139,184.51056,1846.4033,956.18335,1259.8387,442.80914
31,2009-02-01,33.690014,164.3453,877.2917,656.2133,966.6667,365.68332
31,2009-04-01,105.94332,42.99027,1082.1017,525.43665,592.05554,414.05304
31,2009-09-01,104.73788,14.681046,1518.865,741.85834,874.92084,762.9167
31,2009-10-01,58.26115,82.14701,1600.495,1011.3,1324.8992,727.379
31,2009-12-01,21.537807,56.753063,3227.2866,2655.3767,1448.5753,924.1129
31,2010-02-01,98.529755,32.083584,1741.685,877.2917,1276.808,966.6667
31,2010-04-01,30.267176,14.612466,1409.6233,1082.1017,678.56946,592.05554
31,2010-09-01,2.8097715,27.16389,1561.5416,1518.865,1112.5834,874.92084
31,2011-01-01,12.850049,117.89986,2222.815,1969.7067,2688.0173,1233.6022
31,2011-02-01,199.78227,21.513027,5221.263,1741.685,1551.488,1276.808
31,2011-07-01,31.288248,18.972136,1521.1516,1158.635,674.879,567.25806
31,2011-08-01,267.89606,44.45276,6592.44,1791.93,972.31854,673.10486
31,2012-05-01,146.53494,8.861108,1069.9617,434,544.30554,500
31,2012-06-01,5.961249,28.38661,1156.2933,1091.2417,585.7639,456.25
31,2012-12-01,34.776165,89.66799,2231.8484,1655.9667,1042.7151,549.75806
31,2013-01-01,27.44701,172.30852,1174.7683,921.77,1142.6344,419.61023
31,2013-03-01,11.796106,150.59505,1357.555,1214.3134,1409.4624,562.4462
31,2013-04-01,30.528519,51.42181,1383.6566,1060.0416,925.2083,611.0139
31,2013-05-01,54.799946,43.179626,1656.3,1069.9617,779.33466,544.30554
31,2013-11-01,28.19386,244.5297,2477.6433,1932.7317,2906.7778,843.69446
31,2014-06-01,135.11987,11.582655,2516.1353,1070.15,936.13196,838.9583
31,2014-12-01,48.900528,2.7432668,2230.8127,1498.19,1474.543,1435.1724
31,2015-01-01,48.449398,7.154616,1339.986,902.655,1359.5386,1268.7634
31,2015-02-01,26.513105,36.449543,1283.4691,1014.495,1352.9216,991.5179
31,2015-03-01,42.706345,65.55542,1975.8193,1384.535,1379.0054,832.957
31,2015-04-01,27.36328,37.572136,1543.3947,1211.805,1114.7546,810.30554
32,2007-08-01,289.65863,94.027336,1826.46,468.73334,1326.2384,683.53174
32,2008-12-01,37.005257,79.468666,1677.0333,1224.065,1470.6753,819.46075
32,2009-03-01,15.969181,147.1214,2573.0854,2218.7666,1456.5381,589.40186
32,2009-05-01,37.67431,41.37318,3446.2175,2503.1667,838.2157,592.91
32,2009-06-01,53.716434,28.167994,3191.814,2076.43,816.2432,636.8542
32,2009-07-01,80.08468,15.502381,3533.4233,1962.09,922.30457,798.5156
32,2009-09-01,77.00675,10.809788,3138.3,1772.9833,1089.1217,982.875
32,2009-11-01,123.60139,58.87239,3050.37,1364.2,1765.8445,1111.4861
32,2009-12-01,27.728722,20.306452,2142.0532,1677.0333,1769.3173,1470.6753
32,2010-01-01,210.3275,8.527236,4486.3066,1445.6683,1815.2487,1672.6204
32,2010-02-01,89.870865,9.168049,2713.9,1429.3398,1589.8824,1456.3624
32,2010-05-01,38.29525,10.554697,4765.955,3446.2175,926.6868,838.2157
32,2010-10-01,4.5907307,7.417708,2988.225,2857.065,1838.414,1711.4626
32,2012-05-01,13.601801,2.5083234,5417.2666,4768.645,816.6868,796.70294
32,2013-05-01,57.431267,53.53192,8528.472,5417.2666,1253.875,816.6868
32,2013-06-01,92.40098,58.885616,4754.911,2471.355,1392.3456,876.31946
32,2013-07-01,1315.4686,126.43755,4278.655,302.27832,2158.2178,953.1183
32,2013-08-01,864.53015,235.98781,2850.685,295.55167,3759.6313,1118.9785
32,2013-09-01,645.00275,327.94666,2428.56,325.98,4944.0317,1155.2916
32,2013-10-01,187.75114,323.73145,1497.735,520.49664,5024.692,1185.82
32,2015-01-01,874.95593,3.7406142,4313.53,442.43332,1875.7438,1808.1094
32,2015-02-01,171.24765,39.98994,3766.5767,1388.6117,1941.8611,1387.1433
32,2015-03-01,313.92108,34.449917,9343.233,2257.25,1966.9691,1462.9753
32,2015-04-01,43.530056,42.337955,4072.1033,2837.1084,1860.3967,1307.0278
32,2015-05-01,37.17815,34.19576,5477.51,3992.99,1804.5914,1344.7455
37,2007-01-01,85.62732,53.056995,5316.9233,2864.3,1021.94104,667.6866
37,2007-02-01,132.73595,138.15247,6460.1333,2775.735,1239.3514,520.4025
37,2007-03-01,191.2205,89.670715,12133.6,4166.465,813.8633,429.09274
37,2007-04-01,196.43443,50.674385,18548.1,6257.067,641.5597,425.79214
37,2007-05-01,252.92253,22.335318,23548.05,6672.3,623.4234,509.60214
37,2007-06-01,327.25986,37.087147,25949.2,6073.4,732.925,534.64166
37,2007-07-01,65.210815,64.31477,14434.8,8737.2,1035.7882,630.3683
37,2008-11-01,210.25937,1.3214778,13980.68,4506.1265,1422.6316,1404.077
37,2008-12-01,37.227173,63.53797,7258.565,5289.4517,1544.669,944.5323
37,2009-01-01,27.213734,162.62744,6647.045,5225.1,1721.6895,655.5634
37,2009-02-01,7.818327,163.27438,5314.64,4929.255,1496.124,568.2756
37,2009-03-01,123.79735,108.2148,11070.377,4946.608,1210.8876,581.55695
37,2009-04-01,90.86917,63.992912,7487.158,3922.665,901.0003,549.4142
37,2009-05-01,43.60604,45.10263,7322.45,5098.985,839.2631,578.39276
37,2009-07-01,46.83477,26.159052,8575.62,5840.32,1078.6909,855.0246
37,2009-09-01,2.7186725,3.8717654,5658.525,5508.76,1146.5668,1103.8291
37,2009-11-01,69.29642,38.108955,23668.79,13980.68,1964.7816,1422.6316
37,2009-12-01,92.87139,36.940308,13999.695,7258.565,2115.2744,1544.669
37,2010-01-01,138.36847,5.340632,15844.46,6647.045,1813.6385,1721.6895
37,2010-02-01,173.63583,10.024242,14542.76,5314.64,1646.0991,1496.124
37,2010-08-01,79.355095,5.284619,17627.1,9828.045,1124.2153,1067.7869
37,2010-09-01,162.22798,30.997986,14838.235,5658.525,1501.9794,1146.5668
37,2010-10-01,54.3674,12.284553,16258.815,10532.545,1990.7644,1772.9637
37,2011-06-01,29.362682,3.0228462,15453.86,11946.15,876.49994,850.7821
37,2011-07-01,8.694381,8.282317,16238.94,14940,1105.9612,1021.3682
37,2012-11-01,4.3383675,17.730618,12691.571,12163.858,1665.3967,1414.5825
37,2012-12-01,6.83127,60.870544,12073.935,11301.873,1903.5378,1183.2731
37,2013-01-01,15.625048,111.15961,12674.663,10961.866,1878.425,889.5759
37,2013-04-01,2.4327536,58.09076,11715.29,11437.055,1147.9626,726.14154
37,2013-05-01,5.1196394,57.11616,15378.255,14629.288,1235.3916,786.2919
37,2013-06-01,0.40814337,65.226364,12898.57,12846.14,1425.5802,862.8043
37,2014-05-01,22.132174,12.686536,18781.797,15378.255,1392.12,1235.3916
37,2014-06-01,23.59083,17.52695,15941.45,12898.57,1675.4409,1425.5802
37,2015-01-01,96.83908,20.810925,20908.822,10622.292,2043.8219,1691.7526
37,2015-02-01,55.451656,46.756275,15919.519,10240.816,2034.6976,1386.4468
37,2015-03-01,0.9447959,22.971832,13720.139,13591.725,1644.1688,1337.0288
37,2015-05-01,5.638095,24.362732,19840.732,18781.797,1731.2784,1392.12
40,2007-09-01,5.6909175,210.7635,4420.565,4182.54,1515.762,487.75418
40,2007-10-01,84.97253,243.91803,5796.225,3133.56,1672.1652,486.2104
40,2007-11-01,101.40764,139.64536,5448.6,2705.26,1382.3132,576.8162
40,2007-12-01,124.50757,38.8776,8016.2,3570.57,761.4524,548.2903
40,2009-08-01,70.12374,6.5577703,5326.03,3130.68,870.66003,817.07794
40,2009-09-01,46.954433,1.4492584,5033.395,3425.14,892.5615,879.8108
40,2009-10-01,33.149273,69.20279,5967.155,4481.5527,1464.9734,865.80927
40,2009-11-01,98.528534,55.616318,6246.055,3146.175,1534.6448,986.1721
40,2009-12-01,47.15191,13.761078,5231.942,3555.47,1355.1091,1191.1887
40,2010-02-01,37.911377,5.43643,6301.205,4569.025,1343.999,1274.7008
40,2010-09-01,68.383644,22.251343,8475.414,5033.395,1091.1685,892.5615
40,2010-11-01,1.0095981,4.6606574,6309.115,6246.055,1606.1693,1534.6448
40,2011-06-01,56.461388,6.5174727,8840.1,5650.02,637.5321,598.5235
40,2011-07-01,114.6564,8.994862,8364.422,3896.656,785.203,720.4037
40,2011-08-01,2.7543764,21.314093,8361.74,8137.6,1042.563,859.3915
40,2012-05-01,3.2491355,5.4653525,9846.53,9536.671,650.9703,617.23615
40,2012-12-01,92.19845,45.791943,15166.908,7891.275,1292.9453,886.8428
40,2013-01-01,76.80706,92.784195,16358.405,9252.122,1334.2325,692.08606
40,2013-02-01,58.957344,175.47278,12338.635,7762.23,1801.9354,654.1247
40,2013-03-01,80.474594,110.05342,15368.106,8515.385,1407.233,669.94055
40,2013-04-01,67.235054,80.09291,16741.725,10010.895,1218.5739,676.6362
40,2013-05-01,101.57311,59.000713,19847.957,9846.53,1035.0474,650.9703
40,2013-06-01,209.63869,76.5715,29541.95,9540.78,1078.0033,610.5194
40,2013-12-01,19.045704,53.812534,18055.553,15166.908,1988.7119,1292.9453
40,2015-04-01,25.735912,29.258394,15703.212,12489.043,1554.2522,1202.4381
40,2015-05-01,59.38468,22.765707,17833.098,11188.715,1496.0483,1218.6207
40,2015-06-01,9.075474,16.078135,11463.605,10509.792,1482.5979,1277.2413
41,2007-08-01,326.7437,89.256645,57418.88,13455.12,981.5428,518.63055
41,2007-11-01,18.36472,118.5756,11530.529,9741.525,1077.7881,493.09625
41,2007-12-01,757.8868,2.945616,29141.143,3396.8518,665.1313,646.0997
41,2009-07-01,14.505735,20.625946,24701.367,21572.166,665.11993,551.39044
41,2010-01-01,25.69249,9.856242,13220.488,10518.121,1455.1654,1324.6088
41,2010-02-01,47.067528,19.382046,14518.868,9872.246,1325.1703,1110.0248
41,2012-05-01,300.2757,15.324786,25846.498,6457.174,599.7391,520.0435
41,2012-11-01,316.86145,19.889978,13262.373,3181.4824,1087.6361,907.1952
41,2013-01-01,0.242873,108.96468,17291.457,17249.562,1357.9369,649.8404
41,2013-06-01,46.19042,69.42976,31580.094,21602.027,1037.2545,612.20325
41,2013-07-01,31.719107,171.46182,33220.54,25220.744,1926.7881,709.78235
41,2013-11-01,0.8661502,248.17319,13377.245,13262.373,3786.8574,1087.6361
41,2013-12-01,18.1838,41.666145,17119.396,14485.4,1801.0654,1271.345
41,2014-05-01,122.952446,13.8709545,49752.234,22315.178,1046.3893,918.92554
41,2014-06-01,107.394424,8.033716,65495.35,31580.094,1120.5846,1037.2545
41,2015-03-01,2.3654056,58.35403,24852.033,24277.766,1659.9939,1048.2802
41,2015-04-01,0.28673002,32.445652,22079.291,22016.164,1352.4641,1021.1465
44,2007-01-01,148.63864,87.332985,196117.58,78876.55,799.6607,426.86594
44,2007-02-01,338.45688,156.89403,230328.86,52531.703,884.0826,344.1429
44,2007-03-01,308.93665,108.328995,156761.48,38333.93,645.6407,309.91397
44,2007-04-01,188.97723,74.25253,167339.22,57907.402,543.24945,311.75986
44,2007-05-01,307.07706,83.70071,128154.06,31481.525,580.50903,316.00806
44,2007-06-01,179.8952,122.84506,121062.28,43252.72,766.1413,343.8
44,2007-07-01,373.42178,136.4158,135921.58,28710.46,877.8767,371.32742
44,2007-08-01,226.32053,177.02797,136265.3,41758.113,1048.4176,378.45187
44,2007-09-01,117.672516,228.7189,96429.445,44300.24,1297.8945,394.83417
44,2007-10-01,47.989235,201.68307,71976.52,48636.324,1276.4291,423.10263
44,2007-11-01,61.350304,83.44725,80978.945,50188.28,942.78784,513.9286
44,2008-12-01,20.956364,92.97095,174150.8,143978.2,1000.91125,518.68494
44,2009-01-01,116.264046,202.64502,223987.86,103571.48,1194.1445,394.56937
44,2009-02-01,264.33328,186.20126,220217.5,60443.97,1015.8097,354.92844
44,2009-03-01,964.1722,98.63457,375865.34,35319.977,727.45856,366.22958
44,2009-04-01,376.76025,50.43991,275297.44,57743.37,513.44763,341.2975
44,2009-05-01,461.06757,49.47855,293674.72,52342.133,500.73083,334.98508
44,2009-06-01,280.76562,60.56708,232115.27,60960.14,661.57117,412.02167
44,2009-07-01,269.80103,8.708351,244102.9,66009.26,648.5352,596.5827
44,2009-10-01,97.29493,102.57543,214628.19,108785.45,1218.041,601.2778
44,2009-11-01,47.491814,61.326958,174592.72,118374.516,1438.8743,891.8995
44,2009-12-01,34.58234,37.83132,234376.22,174150.8,1379.5692,1000.91125
44,2011-02-01,5.157317,11.549249,298579.88,283936.38,1052.8486,943.842
44,2012-12-01,22.15836,76.46387,203882.7,166900.33,1081.5121,612.8802
44,2013-01-01,3.644163,176.78903,252959.98,244065.83,1224.7411,442.48178
44,2013-03-01,2.0354922,137.90033,237071.75,232342.44,938.5388,394.50925
44,2013-04-01,16.158567,96.31201,207572.1,178697.19,857.99347,437.05603
44,2015-01-01,10.795877,35.78721,291904.03,263461.1,1226.1815,903.01697
44,2015-02-01,41.49037,116.181145,289164.03,204370.11,1340.8958,620.2649
44,2015-03-01,29.105944,69.39045,316150.5,244876.8,1154.6718,681.66284
44,2015-04-01,105.910446,36.729095,287237,139496.08,1014.04803,741.6476
44,2015-05-01,69.55539,31.416029,297972.03,175737.28,1157.1494,880.5238
44,2015-06-01,54.225044,19.820612,228662.3,148265.34,1562.7924,1304.2767
50,2007-10-01,380.35168,230.7235,722.585,150.42833,1574.1774,475.9799
50,2007-11-01,181.85298,194.83092,966.145,342.78333,1328.8112,450.7028
50,2007-12-01,502.49606,40.780636,1480.4734,245.72333,795.4839,565.05206
50,2008-04-01,275.07516,1.5342169,1895.88,505.46667,503.33472,495.72916
50,2008-05-01,44.328426,4.8310823,3025.095,2095.98,433.082,413.12366
50,2008-12-01,2.1308477,43.76436,1512.02,1480.4734,1143.6223,795.4839
50,2009-04-01,2.676593,20.985964,1946.625,1895.88,608.96436,503.33472
50,2009-10-01,17.286535,61.245094,1617.225,1378.8667,1282.1882,795.1797
50,2009-11-01,110.13409,48.450954,1851.67,881.185,1444.1,972.7792
50,2009-12-01,64.5827,13.490161,2488.5234,1512.02,1297.8988,1143.6223
50,2010-01-01,54.346977,11.408279,2552.665,1653.8484,1401.4812,1257.9686
50,2010-02-01,69.93278,15.145718,2172.8,1278.6233,1324.808,1150.5491
50,2010-04-01,29.135122,15.934265,2513.7766,1946.625,705.99835,608.96436
50,2010-08-01,59.264874,6.8030596,2397.9,1505.605,770.9516,721.8441
50,2010-09-01,108.24101,45.449345,3192.595,1533.125,1134.925,780.2889
50,2010-10-01,195.80823,20.16692,4783.885,1617.225,1540.7661,1282.1882
50,2010-11-01,35.797676,14.833154,2514.525,1851.67,1658.3055,1444.1
50,2011-08-01,2.5115767,38.1075,2458.125,2397.9,1064.742,770.9516
50,2012-04-01,70.46306,4.091856,4055.035,2378.835,605.08887,581.3028
50,2012-12-01,2.0522351,66.05111,2182.6133,2138.7217,1171.9185,705.7577
50,2013-05-01,64.10159,48.35296,3616.87,2204.0432,898.07794,605.3657
50,2013-07-01,10.452338,190.78198,3082.465,2790.765,1793.2997,616.71625
50,2013-11-01,14.337868,226.42825,2213.0667,1935.55,3365.7292,1031.0778
50,2013-12-01,105.736946,60.808,4490.442,2182.6133,1884.5386,1171.9185
50,2014-07-01,53.768818,4.925371,4739.87,3082.465,1881.6263,1793.2997
50,2015-03-01,11.416899,41.158405,2868.725,2574.7666,1581.2621,1120.204
50,2015-04-01,53.253723,17.155005,3487.125,2275.3933,1414.6328,1207.4882
50,2015-05-01,98.78511,18.69626,4488.8,2258.1167,1488.9297,1254.4032
54,2008-07-01,2591.3142,6.410139,941.96,35,744.871,700
54,2009-01-01,124.58333,247.5862,67.375,30,1737.931,500
54,2009-09-01,240.80394,7.7638507,114.885,33.71,1134.7222,1052.9711
54,2009-10-01,544.0167,57.900513,154.725,24.025,1721.1156,1090
54,2009-11-01,173.00621,61.40783,90.315,33.081665,1916.5834,1187.4166
54,2010-01-01,22.545458,11.246809,82.565,67.375,1933.3928,1737.931
54,2010-03-01,178.41194,34.000633,212.42833,76.3,1139.0054,850
54,2010-04-01,2071.3591,5.501777,729.6852,33.605,850.3333,805.98956
54,2010-11-01,38.89996,34.382656,125.4475,90.315,2575.5557,1916.5834
54,2010-12-01,147.85257,67.94056,162.74,65.66,3394.9275,2021.5054
54,2011-01-01,162.41747,109.66104,216.665,82.565,4053.5715,1933.3928
54,2011-05-01,111.52059,6.888021,225.53383,106.625,951.9355,890.5914
54,2011-06-01,2267.4412,16.972223,248.58133,10.5,1052.75,900
54,2011-08-01,638.6503,35.005978,217.90184,29.5,1518.8173,1125
54,2011-09-01,403.14215,26.805336,290.81616,57.8,1981.3334,1562.5
54,2012-04-01,97.197845,13.091061,458.577,232.54666,1110.8055,982.2222
54,2012-05-01,5.217033,6.4816227,237.3,225.53383,1013.63635,951.9355
54,2012-06-01,34.509968,0.1408954,334.36667,248.58133,1054.2333,1052.75
54,2013-05-01,50.8445,60.00097,357.954,237.3,1621.828,1013.63635
54,2013-08-01,355.62476,172.86903,346.42667,76.03333,4279.496,1568.3334
54,2013-12-01,18.723335,34.50222,129.88333,109.4,2703.4946,2010
54,2014-01-01,13.026955,3.020506,340.4255,301.18967,2046.3307,1986.3334
54,2015-01-01,25.502985,13.746743,427.24417,340.4255,2327.6345,2046.3307
54,2015-02-01,9.53293,28.932467,266.4845,243.29167,2380.032,1845.9524
54,2015-04-01,3.1834154,23.543423,349.68,338.89166,1940.2037,1570.463
54,2015-05-01,88.22764,4.049542,500.66983,265.99167,1557.4193,1496.8055
56,2009-07-01,42.05118,54.84506,4766.84,3355.72,1140.8651,736.7785
56,2009-08-01,233.4891,18.461716,4753.47,1425.375,1149.7697,970.5833
56,2009-09-01,108.24984,19.686277,6073.69,2916.54,1133.8267,947.3322
56,2009-10-01,15.166235,73.58287,5712.7,4960.395,1751.0498,1008.7688
56,2009-11-01,5.6141148,58.50933,4407.4673,4173.18,2017.2452,1272.635
56,2009-12-01,15.6345,55.814125,5914.6934,5114.99,2159.0947,1385.6862
56,2010-01-01,37.65884,16.64694,6031.6875,4381.62,1914.917,1641.635
56,2010-02-01,27.869642,11.702846,5209.94,4074.415,1769.9857,1584.5485
56,2011-06-01,164.28563,2.1365614,3526.6274,1334.4,788.2146,771.7262
56,2011-08-01,542.99005,32.053352,3530.98,549.15,1272.8696,963.9056
56,2012-05-01,22.036743,12.422268,3720.7966,3048.915,879.24115,782.0881
56,2012-06-01,28.062386,4.863108,4516.283,3526.6274,826.5463,788.2146
56,2012-12-01,13.677711,39.032166,5376.285,4729.41,1606.3037,1155.3468
56,2013-01-01,29.153072,81.18814,3504.6333,2713.55,1734.4791,957.2807
56,2013-02-01,8.441157,150.24123,4323.4,3986.8625,2107.259,842.09106
56,2013-04-01,38.762253,57.336254,6005.2144,4327.7,1321.4518,839.8902
56,2013-05-01,19.387196,54.505444,4442.155,3720.7966,1358.4755,879.24115
56,2013-07-01,47.956676,135.46953,4145.45,2801.8,2051.0566,871.0497
56,2013-08-01,42.204346,264.86478,4087.3083,2874.25,3558.601,975.3205
56,2013-11-01,5.511169,239.81412,5207.3667,4935.37,4748.7856,1397.4657
56,2013-12-01,33.266712,60.045563,7164.7983,5376.285,2570.8179,1606.3037
56,2014-06-01,5.931514,6.1283164,4590.33,4333.3,1443.0024,1359.6771
56,2015-01-01,19.448801,13.575229,9371.288,7845.4434,1927.124,1696.782
62,2007-01-01,139.70111,112.565025,71.51083,29.833334,1238.3523,582.57574
62,2007-02-01,73.6813,180.1744,127.5255,73.425,1369.9777,488.9732
62,2007-03-01,134.1182,110.63161,121.156166,51.75,1010.2957,479.65054
62,2007-04-01,84.846825,64.65507,132.2425,71.541664,775.7083,471.1111
62,2007-05-01,112.587944,39.392193,123.301,58,624.07983,447.71506
62,2008-12-01,78.956665,65.37823,89.47833,50,1149.1666,694.87177
62,2009-01-01,3.8391705,173.92738,99.19583,95.528336,1422.0027,519.11664
62,2009-06-01,16.08823,50.260483,92.096664,79.333336,728.2361,484.6491
62,2009-07-01,45.088917,13.665968,98.30983,67.75833,786.5054,691.94446
62,2010-05-01,27.085396,15.898026,141.822,111.59583,672.1774,579.97314
62,2010-08-01,34.786545,26.645206,96.09,71.2905,1036.2097,818.1989
62,2010-09-01,24.08583,34.80652,93.0925,75.02267,1156.125,857.61804
62,2010-11-01,359.03467,11.767979,109.72,23.902334,1572.5416,1406.9697
62,2010-12-01,30.58085,66.5288,86.675,66.3765,2310.4436,1387.4138
62,2011-01-01,37.107807,116.01821,94.60667,69.00166,3125.2957,1446.7742
62,2011-02-01,36.88134,3.1554124,126.640335,92.51833,1482.7976,1437.4404
62,2011-07-01,2.3163326,4.9704623,77.595,75.83833,888.4677,846.3978
62,2011-09-01,2.5299258,14.883291,95.44767,93.0925,1328.1945,1156.125
62,2012-05-01,20.01506,0.21533549,139.70833,116.409,644.8276,643.442
62,2012-07-01,43.441376,0.08774681,111.30334,77.595,889.2473,888.4677
62,2012-12-01,8.281515,68.87696,146.33417,135.14233,1318.6022,780.80646
62,2013-03-01,9.130686,97.249016,198.9105,182.26817,1353.0646,685.9677
62,2013-04-01,88.461044,71.18813,201.56883,106.95517,1265.0555,738.98553
62,2013-05-01,48.89556,59.32408,208.0195,139.70833,1027.3656,644.8276
62,2013-06-01,69.35846,57.28765,158.679,93.69417,1168.7346,743.05554
62,2013-07-01,16.929708,127.56952,130.14667,111.30334,2023.6559,889.2473
62,2013-08-01,19.478153,341.97784,96.79383,81.01383,3901.0483,882.6344
62,2013-09-01,11.729461,446.02805,106.228836,95.076836,4803.8335,879.7778
62,2013-10-01,15.479096,468.10034,97.74516,84.643166,5112.9033,900
62,2013-11-01,2.4609869,271.66644,93.47567,91.2305,4441.1665,1194.9333
62,2014-04-01,1.3425496,0.34693465,204.275,201.56883,1269.4445,1265.0555
62,2015-02-01,364.39508,55.24948,219.42667,47.25,1862.9938,1200
62,2015-03-01,16.964598,59.403275,209.83,179.39616,1961.0887,1230.2688
62,2015-05-01,44.373684,18.973837,238.77,165.38333,1510.0403,1269.2205
62,2015-06-01,9.229904,25.809721,166.4245,152.36166,1710.2084,1359.3611
68,2007-06-01,6.1781907,103.74054,1310,1233.775,1269.7916,623.23956
68,2008-08-01,143.72551,0.27310404,1035.8334,425,1272.5134,1269.0476
68,2009-02-01,5.0183597,89.98709,858,817,1580.3334,831.8109
68,2009-03-01,8.93137,112.3347,908.3333,833.85834,1362.7688,641.8022
68,2009-04-01,63.394463,78.76187,1050,642.61664,1155.4348,646.3542
68,2009-12-01,32.43167,85.89514,198.6475,150,3157.1191,1698.3334
68,2010-07-01,50.246067,9.724213,880.492,586.0333,1664.1505,1516.6666
68,2010-08-01,73.533295,15.070023,1106.2458,637.48334,1525.6057,1325.8064
68,2010-09-01,111.34018,32.428066,910.7,430.91666,1719.4426,1298.3975
68,2010-10-01,95.59039,0.64239055,598.8,306.15,2187.89,2173.9248
68,2010-12-01,135.34148,43.443344,467.5,198.6475,4528.6772,3157.1191
68,2011-01-01,293.21887,98.15051,721.10834,183.386,5366.998,2708.5461
68,2013-11-01,3.401322,185.11644,1604.4266,1551.65,5466.821,1917.3994
68,2013-12-01,8.314378,43.72372,1417.355,1308.5566,3066.301,2133.469
68,2015-01-01,1.3034421,22.548704,1754.6566,1732.08,2587.4744,2111.3845
68,2015-03-01,6.4609365,49.320942,1993.52,1872.5366,2356.4104,1578.0844
16,2007-01-01,145.17317,68.772865,16209.651,6611.511,855.5851,506.9447
16,2007-06-01,428.2095,65.479164,35691.793,6757.128,532.4858,321.78418
16,2007-07-01,40.58269,86.94216,11473.147,8161.138,769.5182,411.63437
16,2007-11-01,247.05553,127.058426,19485.85,5614.62,1042.6494,459.19876
16,2007-12-01,249.42636,14.485243,18010.309,5154.25,611.09357,533.77496
16,2008-12-01,49.56317,58.409893,26936.79,18010.309,968.03265,611.09357
16,2009-01-01,78.8178,160.33682,28702.875,16051.464,1228.1089,471.73846
16,2009-03-01,13.992618,130.18234,35639.61,31264.84,1047.4185,455.0386
16,2009-04-01,18.038359,68.21361,39381.95,33363.688,781.26575,464.4486
16,2009-06-01,10.277725,51.17082,46216.137,41908.86,628.68353,415.87625
16,2009-08-01,30.921618,10.638216,43869.66,33508.34,767.2345,693.46246
16,2009-10-01,21.576965,67.424736,35314.812,29047.29,1255.558,749.9238
16,2009-11-01,54.600113,52.24621,44433.742,28741.08,1315.8567,864.2952
16,2009-12-01,92.86175,24.7789,51950.76,26936.79,1207.9005,968.03265
16,2010-09-01,2.388757,31.095583,34381.805,33579.668,1057.6207,806.75543
16,2011-02-01,12.719708,8.427347,30955.428,27462.303,1350.9358,1245.9364
16,2011-08-01,2.0409145,32.25499,37987.074,37227.297,975.75903,737.7862
16,2011-09-01,8.527766,9.153963,37313.805,34381.805,1154.4349,1057.6207
16,2013-01-01,63.90527,97.962204,72256.6,44084.367,1224.954,618.78174
16,2013-02-01,71.33734,185.9596,67015.234,39113.035,1679.2764,587.24255
16,2013-03-01,125.03435,94.56874,96988.695,43099.508,1254.6234,644.8227
16,2013-04-01,158.75192,72.46948,97275.21,37594.004,1094.2716,634.4726
16,2013-05-01,130.42065,67.50495,109479.11,47512.715,952.031,568.3599
16,2013-06-01,101.30602,76.60027,95805.39,47591.914,1029.5408,582.978
16,2013-07-01,67.58439,148.90167,76835.336,45848.742,1703.9352,684.58167
16,2013-08-01,67.23516,338.04755,69668.99,41659.297,3217.1611,734.43195
16,2013-09-01,42.62568,504.15198,60644.895,42520.32,4333.853,717.34485
16,2013-10-01,50.71305,419.35553,58019.02,38496.348,4054.3735,780.6547
16,2013-11-01,94.92407,297.06384,70278.29,36054.188,3717.5676,936.2645
16,2013-12-01,1.8814422,68.58418,46255.92,45401.715,1878.8759,1114.503
16,2014-01-01,20.497316,1.2690508,87067.266,72256.6,1240.4993,1224.954
16,2014-05-01,3.1348374,7.0439587,112911.1,109479.11,1019.0917,952.031
16,2014-06-01,0.663226,6.2732525,96440.8,95805.39,1094.1265,1029.5408
16,2014-07-01,0.52287143,7.5913353,77237.086,76835.336,1833.2866,1703.9352
3,2007-02-01,256.12875,202.31273,13876.675,3896.533,1022.161,338.11377
3,2007-03-01,139.19473,157.49043,17338.396,7248.6533,730.6602,283.7621
3,2007-04-01,504.85153,115.21963,18345.676,3033.0874,574.3491,266.86652
3,2007-05-01,1964.0653,65.86929,21928.588,1062.398,476.2,287.09354
3,2007-06-01,791.366,81.06717,20918.518,2346.7932,568.7085,314.08704
3,2007-07-01,36.218227,137.09367,15913.052,11682.028,814.79,343.6574
3,2007-08-01,260.3626,159.80055,14404.823,3997.3137,1005.0668,386.8609
3,2007-09-01,132.44702,208.88904,11689.338,5028.818,1252.3965,405.4519
3,2007-10-01,39.37316,219.21063,14873.28,10671.553,1325.8761,415.3609
3,2007-12-01,21.652485,18.80452,17574.736,14446.673,635.6949,535.07635
3,2009-02-01,94.46066,146.06995,17075.127,8780.762,951.54004,386.69495
3,2009-03-01,40.34415,108.99428,25560.645,18212.832,908.5944,434.74606
3,2009-04-01,24.787659,68.417885,26349.268,21115.283,677.38904,402.2073
3,2009-05-01,109.02897,49.55705,21509.34,10290.124,552.248,369.25574
3,2009-06-01,79.98483,78.48092,25745.25,14304.122,677.91425,379.8245
3,2009-07-01,75.14231,33.297943,19853.07,11335.394,680.41266,510.44498
3,2009-08-01,112.58608,11.104473,20942.04,9851.087,723.51587,651.2032
3,2009-09-01,34.22292,4.7668467,18882.531,14068.038,668.68335,638.25854
3,2009-10-01,29.758423,100.09669,19343.756,14907.515,1194.5955,597.0091
3,2009-11-01,1.5290293,61.272125,16767.803,16515.28,1355.4452,840.4708
3,2009-12-01,17.142815,28.740757,18816.885,16063.2,1242.0613,964.77704
3,2010-02-01,28.244173,9.619069,21897.855,17075.127,1043.0693,951.54004
3,2010-08-01,0.36682346,10.577241,21018.86,20942.04,800.0439,723.51587
3,2010-09-01,13.032537,67.56119,21343.404,18882.531,1120.4537,668.68335
3,2010-10-01,13.45666,24.856373,21946.78,19343.756,1491.5286,1194.5955
3,2010-11-01,50.416935,26.294136,25221.615,16767.803,1711.8478,1355.4452
3,2011-02-01,22.55951,6.3832207,26837.904,21897.855,1109.6508,1043.0693
3,2011-09-01,2.416163,0.52782744,21859.096,21343.404,1126.3678,1120.4537
3,2012-12-01,17.028534,65.16594,24525.16,20956.564,1184.878,717.3864
3,2013-01-01,6.8119593,127.473595,23743.844,22229.574,1322.5204,581.39514
3,2013-02-01,28.476597,215.4032,26792.926,20854.324,1590.5912,504.30405
3,2013-03-01,35.040676,114.50851,31587.27,23390.93,1126.9874,525.3812
3,2013-05-01,6.48515,79.645256,36493.55,34271.023,839.7481,467.44797
3,2015-01-01,35.309624,18.682299,32699.252,24166.242,1334.7085,1124.6062
3,2015-02-01,13.74438,73.60065,24736.023,21747.03,1476.7295,850.64746
3,2015-05-01,17.303953,31.686752,29298.342,24976.432,1135.491,862.26666
3,2015-06-01,8.29657,37.33002,25775.326,23800.686,1467.04,1068.2588
27,2007-01-01,25.559723,39.069256,1681.8633,1339.4927,912.7414,656.3215
27,2007-02-01,678.5142,43.292282,872.00336,112.00867,1041.5428,726.86597
27,2007-03-01,873.64825,10.980196,1153.765,118.49917,766.5957,690.75
27,2007-04-01,405.0164,23.274677,708.6567,140.3235,761.2211,617.5
27,2007-05-01,228.94193,11.482409,297.835,90.543335,766.5035,687.55554
27,2007-06-01,98.64072,27.637413,171.95334,86.565,799.5917,626.45557
27,2007-07-01,751.124,76.670456,1225.44,143.979,984.2634,557.1183
27,2007-08-01,180.20892,88.826744,6164.7134,2200.0417,972.54785,515.0477
27,2007-09-01,8.913703,131.1283,5184.575,4760.26,1132.3489,489.9222
27,2007-10-01,966.0229,111.1547,3361.49,315.33,1145.4177,542.4543
27,2007-11-01,587.7131,55.79555,3280.575,477.02667,796.42426,511.19833
27,2007-12-01,888.7743,13.977237,5926.0376,599.33167,708.6856,621.7782
27,2009-01-01,126.06597,257.6399,1702.0817,752.9137,1395.5349,390.20673
27,2009-02-01,294.91818,278.137,1297.395,328.5225,1193.8263,315.71265
27,2009-03-01,369.87503,275.70398,1804.7,384.08084,1027.4497,273.4732
27,2009-04-01,12885.219,51.34257,1225.3717,9.4366665,708.97455,468.4568
27,2009-05-01,1376.5605,58.41745,1003.815,67.98333,700.918,442.45
27,2009-06-01,4464.163,42.270615,771.8,16.91,863.76447,607.1278
27,2009-07-01,12714.351,13.678498,3089.54,24.11,863.7274,759.7984
27,2009-08-01,3470.8843,6.219977,10898.838,305.214,733.3099,690.3691
27,2009-09-01,439.9954,11.7308445,11110.528,2057.523,721.8306,646.0442
27,2009-10-01,161.58392,101.40002,9718.17,3715.125,969.9497,481.60358
27,2009-11-01,38.873337,74.27485,7756.89,5585.5864,1346.3196,772.5266
27,2009-12-01,50.929405,45.16571,5587.13,3701.8167,1604.1143,1105.0228
27,2010-09-01,468.545,16.62489,63168.35,11110.528,841.83417,721.8306
27,2010-10-01,733.58594,12.082555,81009.3,9718.17,1087.1444,969.9497
27,2010-11-01,1052.1627,5.995385,89372,7756.89,1427.0366,1346.3196
27,2010-12-01,190.4586,14.224129,16228.3,5587.13,1832.2855,1604.1143
27,2011-01-01,67.60281,121.25683,7378.15,4402.1636,2843.1372,1284.9941
27,2011-02-01,58.484425,37.770226,19422.4,12255.085,1441.7831,1046.5128
27,2011-03-01,28.545042,9.993919,32088.4,24962.768,722.5806,656.9278
27,2012-12-01,31.906477,42.05331,11697.42,8867.965,768.80634,541.2097
27,2013-01-01,32.611908,131.96786,3940.795,2971.675,974.9568,420.2982
27,2013-03-01,11.470146,171.98195,2539.6968,2278.365,1148.4607,422.2562
27,2013-06-01,284.92328,80.97965,197.31166,51.26,1361.2415,752.1517
27,2013-07-01,1884.8427,132.49974,2344,118.095,1924.1067,827.57367
27,2013-08-01,112.90729,234.40059,9569.019,4494.453,2390.3835,714.82635
27,2015-01-01,266.555,13.838184,9586.898,2615.405,1450.2222,1273.933
27,2015-06-01,32.53179,59.288662,1257.508,948.835,1842.1106,1156.4606
