Kurnool,25,15.8281257,78.0372792,27
Pattikonda,25,15.3968177,77.5007186,27
Tadepalligudem,25,16.8138415,81.521241,70
Vijayanagaram,25,18.1066576,83.3955506,71
Dibrugarh,22,27.4728327,94.9119621,29
Hailakandi,22,24.6811018,92.5638055,4
Kharupetia,22,26.5096965,92.1352039,23
Lanka,22,25.916667,92.95,19
Chandigarh(Grain/Fruit),21,30.7399738,76.7567368,11
Mapusa,1,15.6002273,73.8124984,48
Ahmedabad(Chimanbhai Patal Market Vasana),14,23.022505,72.5713621,3
"Anand(Veg,Yard,Anand)",14,22.556,72.951,3
Bharuch,14,21.7051358,72.9958748,75
Bhavnagar,14,21.7644725,72.1519304,75
Bilimora,14,20.7690264,72.9777738,75
Borsad,14,22.4171034,72.896708,3
Botad,14,22.1704232,71.6684269,55
Dahod(Veg. Market),14,22.8379314,74.2531465,28
Deesa(Deesa Veg Yard),14,24.2585031,72.1906721,3
Dhari,14,21.326649,71.0252571,55
Dhoraji,14,21.73367,70.449915,55
Gondal,14,21.9619463,70.792297,55
Jetpur(Dist.Rajkot),14,23.0000614,70.8927307,55
Jhalod,14,23.0981684,74.1643497,3
Khambhat(Veg Yard Khambhat),14,22.3180817,72.6189845,3
Mahuva,14,21.0902193,71.7563169,75
"Mehmadabad(Veg ,market)",14,22.9991066,72.616569,3
Mehsana(Mehsana Veg),14,23.5879607,72.3693252,3
Morbi,14,22.8119895,70.8236195,55
Padra,14,22.2394372,73.0847979,3
Rajkot,14,22.3038945,70.8021599,55
Siddhpur,14,23.9196207,72.3668366,3
Surat,14,21.1702401,72.8310607,75
Vadodara(Sayajipura),14,22.3071588,73.1812187,3
Visavadar,14,21.3410369,70.7522299,55
Ambala Cantt.,16,30.3610314,76.8485468,49
Ambala City,16,30.3781788,76.7766974,49
Barara,16,30.2120078,77.0401544,49
Barwala,16,29.3641876,75.9056753,26
Bhuna,16,29.5364802,75.7107996,26
Ch. Dadri,16,28.6004211,76.279681,22
Chhachrauli,16,30.244881,77.358231,35
Dabwali,16,29.948049,74.7341349,6
Dhand,16,29.8853701,76.6210539,35
Ganaur,16,29.1349669,77.0180345,35
Gurgaon,16,28.4594965,77.0266383,22
Hissar,16,29.1491875,75.7216527,26
Indri,16,29.8811462,77.0541183,35
Jagadhri,16,30.1680858,77.2969204,35
Jind,16,29.316667,76.316667,26
Kaithal,16,29.8,76.38,35
Khanina,16,28.3302908,76.3087282,22
Loharu,16,28.426706,75.8040022,26
Meham,16,28.9658949,76.2963954,26
Mohindergarh,16,28.2570971,76.1428231,22
Mustafabad,16,30.2,77.15,35
Narnaund,16,29.22,76.15,26
Narwana,16,29.5910963,76.1145993,26
Panipat,16,29.3909464,76.9635023,35
Pehowa,16,29.98,76.58,35
Radaur,16,30.0271643,77.149294,35
Raipur Rai,16,30.5818,77.02052,49
Rania,16,29.5255162,74.8360918,6
Ratia,16,29.68,75.58,26
Rohtak,16,28.8909,76.5796,22
Sadhaura,16,30.3833,77.2167,49
Sirsa,16,25.2585031,82.0924577,69
Sohna,16,28.2486993,77.0635117,22
Sonepat,16,28.9287735,77.091281,16
Thanesar,16,29.9696148,76.8197522,35
Tohana,16,29.7,75.9,26
Tosham,16,28.866399,75.91225,26
Yamuna Nagar,16,30.1290485,77.2673901,35
Bhuntar,10,31.8842653,77.1456402,42
Dhanotu (Mandi),10,32.1926988,76.2290823,17
Hamirpur,10,31.6861745,76.5213092,42
Hamirpur(Nadaun),10,31.6861745,76.5213092,42
Kangra,10,32.0998031,76.2691006,17
Kangra(Baijnath),10,32.0998031,76.2691006,17
Kangra(Jassour),10,32.0998031,76.2691006,17
Kullu,10,31.957851,77.1094597,42
Mandi(Mandi),10,31.7081655,76.9313675,42
Palampur,10,32.1108599,76.5362526,17
Santoshgarh,10,31.3562387,76.3225553,41
Solan,10,30.9044857,77.0967357,62
Una,10,20.82,71.03,55
Kathua,18,32.3775789,75.5218468,32
Narwal Jammu (F&V),18,32.6759635,74.8843371,32
Rajouri (F&V),18,33.3716143,74.315191,32
Reasi,18,33.090954,74.8448648,32
Samba,18,32.5530092,75.1107527,32
Chaibasa,29,22.5474364,85.8025373,56
Chakulia,29,22.4733583,86.7164863,37
Gadhwah,29,24.1548982,83.7995617,69
Godda,29,24.8255215,87.2135177,8
Gumla,29,23.0441295,84.5379455,56
Hazaribagh,29,23.9966213,85.3691068,56
Jamshedpur,29,22.8045665,86.2028754,56
Jamtara,29,23.9505496,86.8170132,8
Khunti,29,23.0797595,85.2774207,56
Koderma,29,24.47,85.6,56
Lohardaga,29,23.43,84.68,56
Madhupur,29,24.2653802,86.6480173,8
Pakur,29,24.6336908,87.8500644,8
Ranchi,29,23.3440997,85.309562,56
Saraikela,29,22.7023346,85.9278993,56
Simdega,29,22.61,84.5,58
Bangalore,13,12.9715987,77.5945627,7
Belgaum,13,15.8496953,74.4976741,18
Chikkamagalore,13,13.315258,75.7754018,43
Davangere,13,14.4663438,75.9238397,18
Gowribidanoor,13,13.6111591,77.5169572,7
Hubli (Amaragol),13,15.3471361,75.1311874,18
Mysore (Bandipalya),13,12.2958104,76.6393805,45
Raichur,13,16.2,77.37,27
Tumkur,13,13.34,77.1,7
Alappuzha,27,9.4980667,76.3388484,21
Chala,27,11.8559282,75.4402993,72
Cherthala,27,9.6836368,76.3365377,21
Ernakulam,27,9.9816358,76.2998842,21
Irinjalakkuda,27,10.3446664,76.2093715,66
Kannur,27,11.8744775,75.3703662,72
Kodumgalloor,27,10.2093879,76.1958429,21
Kollam,27,8.8932118,76.6141396,68
Kottayam,27,9.5915668,76.5221531,21
Thrissur,27,10.5276416,76.2144349,66
A lot,19,23.76214,75.55991,28
Chhindwara,19,22.057437,78.9381729,46
Dewas,19,22.96,76.06,28
Indore(F&V),19,22.7195687,75.8577258,28
Jabalpur,19,23.166667,79.933333,30
Lashkar,19,26.1973344,78.1684973,24
Ratlam,19,23.3341696,75.0376325,28
Sagar,19,23.838805,78.7378068,59
Amrawati(Frui & Veg. Market),2,20.9374238,77.7795513,46
Chandvad,2,20.329167,74.244444,75
Devala,2,19.5775185,77.053568,76
Dindori,2,22.9417931,81.0768455,30
Dindori(Vani),2,20.2,73.833056,75
Gangapur,2,19.6975252,75.0105028,44
Kalvan,2,18.2913574,73.2735875,44
Kolhapur,2,16.6913076,74.2448662,48
Lasalgaon,2,20.15,74.24,44
Manmad,2,20.2511789,74.4366016,75
Mumbai,2,19.0759837,72.8776559,44
Nandgaon,2,18.3855337,72.9276008,44
Nasik,2,19.9974533,73.7898023,44
Osmanabad,2,18.1860659,76.0419409,18
Pathardi,2,19.17,75.18,44
Pimpalgaon Baswant(Saykheda),2,20.1699678,73.9873787,75
Pune(Hadapsar),2,18.5204303,73.8567437,44
Pune(Khadiki),2,18.5204303,73.8567437,44
Rahuri,2,19.392678,74.6488264,44
"Sangli(Phale, Bhajipura Market)",2,16.867,74.567,18
Satana,2,20.598224,74.2032581,75
Sinner,2,19.85,74,44
Solapur,2,17.6599188,75.9063906,18
Vashi New Mumbai,2,19.0770644,72.9989925,44
Yeola,2,20.042,74.489,44
Azadpur,5,28.7031438,77.1772288,16
Keshopur,5,28.6518338,77.0809093,16
Shahdara,5,28.6888393,77.2674795,16
Angul,23,20.8444033,85.1510818,14
Balugaon,23,20.1783322,85.1129236,10
Bampada,23,19.3939238,84.0867636,71
Bargarh,23,21.33,83.62,60
Bargarh(Barapalli),23,21.33,83.62,60
Betnoti,23,21.735503,86.849928,14
Bhadrak,23,21.0582737,86.4958396,14
Bhanjanagar,23,19.93,84.58,10
Boudh,23,20.828446,84.3271305,60
Champua,23,22.0649923,85.6666046,58
Chandabali,23,20.7739916,86.7436951,14
Deogarh,23,21.53,84.73,58
Dhenkanal,23,20.67,85.6,14
Digapahandi,23,19.3777377,84.5667665,10
Dungurapalli,23,21.0475445,83.5509886,60
Hinjilicut,23,19.48,84.75,10
Jagatsinghpur,23,20.2548998,86.1706221,10
Jeypore,23,18.865278,82.573056,71
Jeypore(Kotpad),23,18.865278,82.573056,71
Karanjia,23,21.7633498,85.9738752,58
Keonjhar,23,21.5151196,85.684578,14
Keonjhar(Dhekikote),23,21.5151196,85.684578,14
Khariar Road,23,20.899,82.509,54
Kuchinda,23,21.7427571,84.3489467,60
Nimapara,23,20.0536724,86.0070547,10
Parlakhemundi,23,18.8583919,84.214624,71
Rayagada,23,19.17,83.42,71
Sakhigopal,23,19.9463746,85.8138024,10
Talcher,23,20.9501027,85.216816,14
Udala,23,21.57,86.57,14
Abohar,3,30.1452928,74.1993043,6
Adampur,3,31.4329486,75.713901,41
Amritsar(Amritsar Mewa Mandi),3,31.6339793,74.8722642,5
Anandpur Sahib,3,31.2344015,76.5054652,11
Baghapurana,3,30.6856791,75.0940031,6
Balachaur,3,31.0578788,76.3000419,41
Banga,3,31.1826479,75.9970994,41
Banur,3,30.5593402,76.6991907,11
Barnala,3,30.3819446,75.5467979,41
Bassi Pathana,3,30.6861187,76.4042404,11
Bathinda,3,30.210994,74.9454745,6
Bhucho,3,30.213222,75.0903154,6
Budalada,3,29.9266932,75.5541854,6
Chamkaur Sahib,3,30.8927397,76.4129198,11
Dasuya,3,31.813226,75.6637375,17
Dera Bassi,3,30.5872,76.8428,49
Dhuri,3,30.37,75.87,41
Dinanagar,3,32.1265656,75.4636031,5
Doraha,3,30.8039183,76.0333885,41
Fazilka,3,30.4036478,74.0279621,6
Ferozepur Cantt.,3,30.9107385,74.6224755,5
Firozepur City,3,31.1448666,75.9586615,41
Garh Shankar,3,31.2167,76.1333,41
Ghanaur,3,30.3320205,76.6110085,11
Goniana,3,30.3191305,74.9146364,6
Goraya,3,31.1240175,75.777846,41
Gurdaspur,3,32.0333,75.4,5
Guru Har Sahai,3,30.717046,74.416383,6
Jagraon,3,30.78,75.48,41
Jalalabad,3,27.7180417,79.6558242,34
Jalandhar City,3,31.3260152,75.5761829,41
Kapurthala,3,31.38,75.38,5
Khamano,3,30.82,76.35,11
Khanauri,3,29.8376986,76.1116997,26
Khanna,3,30.697852,76.2112286,41
Kharar,3,30.7488819,76.6413581,11
Kotkapura,3,30.5913084,74.811534,6
Kurali,3,30.83,76.57,11
Lalru,3,30.486667,76.800556,49
Lehra Gaga,3,29.94,75.81,26
Ludhiana,3,30.900965,75.8572758,41
Machhiwara,3,30.91,76.2,41
Malout,3,30.19,74.499,6
Moga,3,30.8164603,75.1717093,6
Morinda,3,30.79,76.5,11
Mukerian,3,31.9562897,75.6168408,17
Mukerian(Talwara),3,31.9562897,75.6168408,17
Muktsar,3,30.475,74.515,6
Nabha,3,30.3736743,76.1451904,41
Phagwara,3,31.2240198,75.7708013,41
Phillaur,3,31.0130661,75.7894716,41
Phillaur(Apra Mandi),3,31.0130661,75.7894716,41
Quadian,3,31.82,75.39,5
Rajpura,3,30.483997,76.5939516,11
Raman,3,29.950398,74.961948,6
Rampura Phul,3,30.2758165,75.2420722,6
Rampuraphul(Nabha Mandi),3,30.2758165,75.2420722,6
Samrala,3,30.8356679,76.1910284,41
Sardulgarh,3,29.6949451,75.2352171,6
Sirhind,3,30.6159636,76.3810922,11
Sunam,3,30.1251635,75.8137192,41
Talwandi Sabo,3,29.983611,75.082778,6
Tanda Urmur,3,31.6725491,75.6377148,5
Tapa,3,30.298056,75.368889,6
Zira,3,30.97,74.99,5
Alwar(FV),20,27.5529907,76.6345735,22
Chomu(F&V),20,27.17,75.72,31
Janta Market,20,26.9330364,75.8294273,31
Jodhpur(F&V)(Bhadwasia),20,26.2389469,73.0243094,33
Pratapgarh,20,25.8973038,81.9452981,69
Gudimalkapur,32,17.3787821,78.4374024,76
Hyderabad (F&V),32,17.385044,78.486671,76
Shankarapally,32,17.4553645,78.1311666,76
Ahirora,17,26.4329003,80.3227487,34
Aliganj,17,26.904054,80.9452724,40
Aligarh,17,27.9,78.08,2
Allahabad,17,25.4358011,81.846311,57
Auraiya,17,26.47,79.52,34
Azamgarh,17,26.0737044,83.1859458,69
Bachranwa,17,26.471033,81.112712,40
Bahraich,17,27.58,81.6,40
Ballia,17,25.7584381,84.1487319,50
Banda,17,25.483333,80.333333,34
Baraut,17,29.0998902,77.2606149,16
Bareilly,17,28.3670355,79.4304381,25
Basti,17,26.8176796,82.7633133,69
Bijnaur,17,26.7426394,80.901416,40
Chandoli,17,27.5112073,81.2229672,40
Charra,17,27.926672,78.398524,2
Etawah,17,26.8117116,79.0046898,24
Faizabad,17,26.77,82.15,40
Fatehpur,17,25.9200736,80.8099941,34
Fatehpur Sikri,17,27.0945291,77.6679292,2
Firozabad,17,27.1591006,78.3957574,2
Gazipur,17,27.9544223,78.305268,2
Ghaziabad,17,28.6691565,77.4537578,16
Ghiraur,17,27.1870036,78.7931991,2
Gonda,17,27.1339913,81.9618968,40
Gorakhpur,17,26.7605545,83.3731675,69
Haathras,17,27.6,78.05,2
Hardoi,17,27.42,80.12,34
Hasanpur,17,28.72,78.28,16
Jagnair,17,26.86293,77.60167,2
Jaunpur,17,25.7490034,82.6987002,69
Jhansi,17,25.4484257,78.5684594,24
Kasganj,17,27.8129344,78.649785,2
Khair,17,27.9391956,77.8424456,2
Khairagarh,17,26.9425734,77.819014,2
Kopaganj,17,26.02,83.57,69
Lalitpur,17,24.6878597,78.4120206,59
Mahoba,17,25.2920964,79.8724168,34
Mawana,17,29.0969563,77.9204938,16
Mirzapur,17,25.1336987,82.5644344,69
Moth,17,25.72,78.95,24
Muradabad,17,28.505583,77.6922635,16
Naugarh,17,27.2990659,83.0927827,69
Orai,17,26.00864,79.4478858,34
Partaval,17,26.9682707,83.6015808,69
Raibareilly,17,28.3670355,79.4304381,25
Rampur,17,28.7893041,79.0249516,25
Saharanpur,17,29.967079,77.5510172,15
Sahiyapur,17,27.3838944,82.4847517,40
Samsabad,17,27.53634,79.4394459,34
Shadabad,17,27.439091,78.0338078,2
Shahjahanpur,17,27.883744,79.9122455,25
Sitapur,17,27.5839037,80.666356,40
Sultanpur,17,26.2647757,82.0727061,40
Tamkuhi Road,17,26.724512,84.227665,50
Tulsipur,17,27.5246311,82.4156829,40
Tundla,17,27.2135222,78.2390706,2
Unnao,17,26.5393449,80.4878195,34
Varanasi(Grain),17,25.3176452,82.9739144,69
Roorkee,24,29.8542626,77.8880002,15
Rudrapur,24,28.98,79.4,25
Alipurduar,6,26.4918891,89.5271026,63
Bankura Sadar,6,23.2290173,87.0650019,37
Bara Bazar (Posta Bazar),6,22.5817406,88.3543972,37
Barasat,6,22.3425873,88.144998,37
Bishnupur(Bankura),6,23.08,87.32,37
Burdwan,6,23.2324214,87.8614793,37
English Bazar,6,25.0108408,88.1410967,53
Habra,6,22.8488542,88.6639591,37
Jalpaiguri Sadar,6,26.5288728,88.7258658,63
Midnapore Sadar,6,22.4252632,87.3076705,37
Purulia,6,23.3320779,86.365208,56
Ramkrishanpur(Howrah),6,25.2757475,88.9713045,63
Sheoraphuly,6,22.7690032,88.3215014,37
Tamluk (Medinipur E),6,22.3,87.916667,37
Adoni,25,15.6322227,77.2728368,27
Cachar,22,24.7821253,92.8577105,4
Kapadvanj,14,23.02,73.07,3
Bahadurgarh,16,28.68,76.92,22
Ballabhgarh,16,28.3421598,77.3255963,16
Gharaunda,16,29.54,76.97,35
Jakhal,16,29.7994702,75.8228899,26
Jhajjar,16,28.6079115,76.6571775,22
Naraingarh,16,30.476389,77.127778,49
Palwal,16,28.1487362,77.3320262,22
Safidon,16,29.4060653,76.6614853,35
Siwani,16,28.9084317,75.6120795,26
Taura,16,28.2119674,76.9512041,22
Uklana,16,29.5004295,75.8825337,26
Kangra(Nagrota Bagwan),10,32.0998031,76.2691006,17
Udhampur,18,32.9140588,75.1429652,32
Daltenganj,29,24.03,84.07,56
Latehar,29,23.75,84.5,56
Ramgarh,29,23.628333,85.521111,56
Chickkaballapura,13,13.43,77.72,7
Kundapura,13,13.6315963,74.6899917,43
Shimoga,13,13.9299299,75.568101,43
Aluva,27,10.1075702,76.345662,21
Anchal,27,8.9300191,76.9064744,68
Kanjirappally,27,9.5572705,76.7894349,21
Manjeri,27,11.1202984,76.1199677,39
Sasthamkotta,27,9.0364612,76.6239423,68
Harda,19,22.3355446,77.0996085,9
Ahmednagar,2,19.0952075,74.7495916,44
Aurangabad,2,24.75,84.37,50
Baramati,2,18.15,74.58,44
Khed(Chakan),2,17.7195516,73.3968136,44
Nagpur,2,21.1458004,79.0881546,46
Pandharpur,2,17.6745535,75.3237262,18
Parbhani,2,19.2609958,76.776665,76
Shirpur,2,21.3495981,74.8797127,28
Banki,23,22.0963519,84.8958731,58
Baripada,23,21.94,86.72,14
Bolangir,23,20.7074234,83.4842725,60
Puri(Brahmagiri),23,19.8133822,85.8314655,10
Sargipali,23,22.0522916,83.9095726,60
Batala,3,31.8186,75.2028,5
Malerkotla,3,30.5232076,75.8882508,41
Moonak,3,29.8196,75.8866,26
Nawan Shahar(Subzi Mandi),3,29.8118385,71.2473286,6
Sahnewal,3,30.8448,75.9758,41
Sangrur,3,30.2457963,75.8420716,41
Ajmer(F&V),20,26.4498954,74.6399163,31
Kota (FV),20,25.2138156,75.8647527,38
Sriganganagar(F&V),20,29.9038399,73.8771901,6
Bowenpally,32,17.4640632,78.4739756,76
Sadasivpet,32,17.6167,77.95,76
Achnera,17,27.2689973,78.1421905,2
Agra,17,27.1766701,78.0080745,2
Ajuha,17,25.7012927,81.2534911,57
Amroha,17,28.9043537,78.4673426,25
Awagarh,17,27.4426079,78.4837189,2
Buland Shahr,17,28.406963,77.8498292,16
Devariya,17,26.834648,81.0616662,40
Fatehabad,17,27.0221711,78.3074027,2
Hapur,17,28.7305798,77.7758825,16
Jarar,17,26.869655,78.5689242,2
Kanpur(Grain),17,26.449923,80.3318736,34
Khalilabad,17,26.7774163,83.065668,69
Muzzafarnagar,17,29.4726817,77.7085091,35
Sikanderabad,17,28.452818,77.6965573,16
Soharatgarh,17,27.4025296,82.9596879,69
Kashipur,24,29.2104232,78.9618845,25
Khateema,24,28.9209151,79.9696277,25
Vadhvan,14,22.5064617,74.0123851,3
Fatehabad,16,27.0221711,78.3074027,2
Madlauda,16,29.4032893,76.8014102,35
Naneola,16,30.2547879,76.5748309,11
Giridih,29,24.1821391,86.2869507,8
Humanabad,13,17.77,77.13,76
Akole,2,19.5406298,74.005428,44
Junnar,2,19.2,73.88,44
Junnar(Otur),2,19.2,73.88,44
Kada,2,18.8961089,75.0815557,44
Newasa(Ghodegaon),2,19.5511772,74.9281063,44
Pune,2,18.5204303,73.8567437,44
Rahata,2,19.716667,74.483333,44
Sangamner,2,19.5771387,74.2079648,44
Satara,2,17.69139,74.00092,44
Vadgaonpeth,2,16.8375316,74.314019,48
Kendupatna,23,20.4685824,86.1459216,14
Mansa,3,23.4349854,72.6565084,3
Raikot,3,30.65,75.6,41
Alur,25,15.3943076,77.2266653,27
Jaggayyapeta,25,16.892,80.097601,70
Kovvur,25,17.0167,81.7333,70
Etah,17,27.56,78.66,2
Mangalagiri,25,16.4349096,80.5687692,70
Tinsukia,22,27.4921909,95.346775,29
Amod,14,22,72.87,75
Dholka,14,22.7428431,72.4435674,3
Asandh,16,29.5201121,76.6141754,35
Barwala(Hisar),16,29.3641876,75.9056753,26
Bilaspur,16,31.3429426,76.7625073,42
Cheeka,16,30.0468116,76.3463624,35
Faridabad,16,28.4089123,77.3177894,16
Gohana,16,29.13,76.7,35
Hassanpur,16,29.0553352,77.0729954,16
Hodal,16,27.9,77.37,22
kalanwali,16,29.822711,74.9747614,6
Karnal,16,29.6856929,76.9904825,35
Pataudi,16,28.3255049,76.778212,22
Pundri,16,29.75,76.55,35
Rewari,16,28.183333,76.616667,22
Chamba,10,32.5533633,76.1258083,17
Kangra(Jaisinghpur),10,32.0998031,76.2691006,17
Nahan,10,30.5599327,77.295483,49
Paonta Sahib,10,30.445283,77.6020569,15
Solan(Nalagarh),10,30.9044857,77.0967357,62
Deoghar,29,24.48,86.7,8
Sahebganj,29,24.9801917,87.6186379,8
Gadag,13,15.4324651,75.6380337,18
Tarikere,13,13.7086667,75.815859,43
Kollengode,27,10.6139109,76.6907753,47
Nedumangadu,27,8.6080226,77.004626,68
Jui,16,28.63576,75.9434209,26
Haatpipliya,19,22.7699757,76.3014896,28
Khandwa,19,21.8257334,76.352571,28
Barshi,2,18.2333856,75.6941478,18
Jalgaon,2,20.997984,75.566711,28
Karad,2,17.2759841,74.2003231,48
Kolhapur(Malkapur),2,16.6913076,74.2448662,48
Lasalgaon(Niphad),2,20.15,74.24,44
Samalkha,16,29.2405629,77.0113048,35
Palghar,2,19.6935581,72.7655184,44
Rahuri(Vambori),2,19.392678,74.6488264,44
Attabira,23,21.3690304,83.775678,60
Godabhaga,23,21.4159983,83.8419989,60
Jajpur,23,20.85,86.33,14
Jaleswar,23,21.8038883,87.2269973,37
Jatni,23,20.1703784,85.7058693,10
Keonjhar(Jhumpura),23,21.5151196,85.684578,14
Khunthabandha,23,20.828446,84.3271305,60
Nawarangpur,23,19.23,82.55,71
Pandkital,23,20.8765848,83.7205777,60
Rairakhol,23,21.0741608,84.3410586,60
Bhadravathi,13,13.84,75.702,43
Bijapur,13,16.8301708,75.710031,18
Hospet,13,15.2688542,76.3909241,18
Kadur,13,13.5533476,76.0111179,43
Bhawanigarh,3,30.2640601,76.0370947,41
Athirampuzha,27,9.6679,76.5329523,21
Moovattupuzha,27,9.967,76.583,21
Faridkot,3,30.678187,74.7395591,6
Punalur,27,9.017,76.926,68
Gehri,3,31.594682,75.0713355,5
Giddarbaha,3,30.2,74.67,6
Chandrapur(Ganjwad),2,19.95,79.3,46
Makhu,3,31.1071528,74.9764024,5
Kalyan,2,19.2403305,73.1305395,44
Maur,3,30.064585,75.2317403,6
Kurdwadi,2,18.0963477,75.4221007,18
Lonand,2,18.041706,74.1861821,44
Malegaon(Umarane),2,20.5547497,74.5100291,75
Ropar,3,30.9659168,76.5230234,11
Chittorgarh,20,24.8887435,74.6269216,38
Ateli,16,28.1056349,76.2800859,22
Babain,16,30.0755238,76.9844677,35
Imphal,15,24.82,93.95,36
Udaipur(F&V),20,24.58,73.68,33
Angul(Jarapada),23,20.8444033,85.1510818,14
Ait,17,25.8935522,79.2410128,24
Akbarpur,17,26.0203301,79.689499,34
Narnaul,16,28.0657961,76.1014781,22
Nilokheri,16,29.8374476,76.9326167,35
Anandnagar,17,27.1022603,83.2759219,69
Badayoun,17,28.0337088,79.1205419,25
Bahedi,17,28.7780401,79.4956974,25
Rerozepur Zhirka,16,27.7873427,76.9464633,22
Balrampur,17,27.4297064,82.1768018,40
Bangarmau,17,26.8917079,80.2126756,34
Barabanki,17,26.9400001,81.19,40
Tarori,16,29.7996282,76.9239727,35
Bindki,17,26.03,80.6,34
Chandausi,17,28.4480507,78.7796105,25
Charkhari,17,25.4018785,79.7501005,34
Chibramau,17,27.1499944,79.4998985,34
Dudhi,17,24.2154062,83.2385559,69
Gangoh,17,29.7788493,77.2606305,35
Kolar,13,13.1357446,78.1325611,7
Jahanabad,17,26.1047151,80.3575128,34
Jalaun,17,26.15,79.35,34
Jasra,17,25.2816904,81.7766514,57
Kamlaganj,17,27.2590797,79.6319636,34
Lasur Station,2,19.9267616,75.0107765,44
Kannauj,17,27.0514156,79.9136731,34
Kayamganj,17,27.5540047,79.3296565,2
Parner,2,19.003,74.438,44
Khatauli,17,29.276,77.731,16
Kiratpur,17,29.4994214,78.2077368,15
Kishunpur,17,25.6122208,82.582143,69
Ulhasnagar,2,19.2215115,73.1644628,44
Lakhimpur,17,27.95,80.77,40
Mainpuri,17,27.2284986,79.0249516,2
Maudaha,17,25.68,80.12,34
Nagina,17,29.4426409,78.4326638,15
Panchpedwa,17,27.5181738,82.6461419,40
Payagpur,17,27.4075094,81.7765233,40
Pilibhit,17,28.6207939,79.8128649,25
Pukhrayan,17,26.2266671,79.8380778,34
Purwa,17,26.4566318,80.771321,40
Rura,17,26.4820748,79.900592,34
Kamakhyanagar,23,20.9228602,85.5560635,14
Kandhamal,23,20.1342042,84.0167423,60
Sandi,17,27.2901003,79.9555447,34
Sandila,17,27.0728513,80.5179068,40
Shahabad,17,27.6441382,79.9447096,34
Shahganj,17,24.7018356,82.9541887,69
Malkanagiri,23,18.3435863,81.8825279,71
Samana,3,30.1554341,76.1957618,11
Padampur,23,21,83.07,60
Tanda(Rampur),17,26.55,82.65,69
Thanabhawan,17,29.5874759,77.4167876,35
Saharpada,23,21.7150997,85.9715393,58
Sohela,23,21.3027537,83.3989686,60
Varipaal,17,26.449923,80.3318736,34
Vilthararoad,17,26.1258356,83.8446502,69
Bikaner(F&V),20,28.01,73.3,33
Pali,20,25.7710893,73.3234478,33
Dharamkot,3,30.95,75.2333,41
Dhariwal,3,31.958504,75.323245,5
Katpadi(Uzhavar Santhai),11,12.9796167,79.1375374,12
Diamond Harbour,6,22.2,88.2,37
Dudhansadhan,3,30.1537047,76.5285913,11
Kalna,6,23.22,88.37,37
Kalyani,6,22.9750855,88.4345078,37
Sadasivpet(Sangareddy),32,17.6167,77.95,76
Nadia,6,22.7059105,88.7530076,37
Patti,3,31.28,74.86,5
Divai,17,28.2090551,78.2561578,2
Farukhabad,17,27.3826126,79.5940544,34
Lucknow,17,26.8466937,80.946166,40
Mugrabaadshahpur,17,25.6579775,82.1903963,69
Bolpur,6,23.6686892,87.6827676,37
Karimganj,22,24.87,92.35,61
Nalbari,22,26.4446185,91.4410527,23
Chakdah(Kalyani),6,23.083333,88.516667,37
P.O. Uparhali Guwahati,22,26.103982,91.5129375,23
Mahuva(Station Road),14,21.0902193,71.7563169,75
Chhachhrauli(Khizrabad),16,30.2430239,77.358284,35
Kolaghat,6,22.43,87.87,37
Kosli,16,28.3968505,76.4852265,22
Sampla,16,28.7775769,76.7711626,22
Ladwa,16,29.0848758,75.795284,26
Mullana,16,30.2449735,77.0622028,49
Shahabad,16,27.6441382,79.9447096,34
Jasdan,14,22.0356088,71.2017779,55
Bilaspur,10,31.3429426,76.7625073,42
Maanachar,2,19.002237,73.9506774,44
Behal,16,28.628333,75.618611,26
Bhiwani,16,28.7990445,76.1335112,26
Ellanabad,16,29.45,74.65,6
Bokaro (Chas),29,23.6692956,86.151112,56
Jhumpura,23,21.8244308,85.5689288,58
Junagarh,23,19.8620964,82.9405172,54
Hassan,13,13.0068142,76.0995519,45
Siddapur,13,14.3410006,74.8899841,18
Angamaly,27,10.1849092,76.3753046,21
Chathanoor,27,8.856667,76.718056,68
Chengannur,27,9.3183275,76.6110845,21
Ettumanoor,27,9.6703602,76.5608746,21
Kanjangadu,27,12.3,75.09,43
Koduvayoor,27,10.6632346,76.647047,47
Kondotty,27,11.1458405,75.9642587,39
Bohorihat,22,26.3304209,91.0040547,23
Kottakkal,27,11.000112,75.9988311,39
Dhekiajuli,22,26.7,92.5,23
Madhavapuram,27,10.4793092,76.2269095,66
Gauripur,22,26.0916341,89.9655224,63
Pala,27,9.7137531,76.6829278,21
Palakkad,27,10.7867303,76.6547932,47
Palayam,27,8.5027684,76.9513432,68
Parappanangadi,27,11.060506,75.8507818,39
Parassala,27,8.3438981,77.1519902,68
Perambra,27,11.5639505,75.7564492,39
Perinthalmanna,27,10.98,76.23,66
Quilandy,27,11.43,75.7,39
Thamarassery,27,11.413889,75.922778,39
Thirurrangadi,27,11.0353649,75.9272401,39
Dholka(Market Yard Veg),14,22.7428431,72.4435674,3
Vadakkenchery,27,10.5927998,76.482335,47
Vamanapuram,27,8.7200343,76.8980371,68
Burhanpur(F&V),19,21.3193875,76.2224273,28
Arasikere,13,13.313889,76.256111,45
Dewas(F&V),19,22.96,76.06,28
Indore,19,22.7195687,75.8577258,28
Khandwa(F&V),19,21.8257334,76.352571,28
Neemuch,19,24.45,74.87,38
Chamaraj Nagar,13,11.9261471,76.9437312,45
Sabalgarh,19,26.2469802,77.4070144,24
Shujalpur,19,23.4,76.72,9
Ujjain,19,23.1793013,75.7849097,28
Farukh Nagar,16,28.4489896,76.8227916,22
Malegaon,2,20.5547497,74.5100291,75
Hathin,16,28.0359281,77.2318934,22
Dhanura,17,28.97,78.25,16
Iamailabad,16,30.1170485,76.6672602,35
Chavakkad,27,10.5833096,76.0188816,66
Chelakkara,27,10.7,76.35,66
Palthan,2,19.4776906,75.3849382,44
Jahangirabad,17,28.4043066,78.1048716,16
Harippad,27,9.2815315,76.4534165,21
Kallachi,27,11.6863255,75.6775363,72
Madhoganj,17,27.1147181,80.1484407,34
Panchkula,16,30.6942091,76.860565,49
Muradnagar,17,28.7703752,77.4988753,16
Mukkom,27,11.3286386,75.9874814,39
Najibabad,17,29.6127789,78.3446003,15
Pattambi,27,10.8067836,76.1964852,66
Wadakkanchery,27,10.659444,76.249444,66
Burhanpur,19,21.3193875,76.2224273,28
Chhindwara(F&V),19,22.057437,78.9381729,46
Gosala,23,21.426841,83.9001366,60
Rishikesh,24,30.0869281,78.2676116,15
Damoh,19,23.8380986,79.4421731,59
Bongiagaon,22,26.48,90.56,23
Katni(F&V),19,23.8308453,80.4072255,30
Golaghat,22,26.52,93.97,19
Howly,22,26.4232202,90.9800692,23
Dhule,2,20.9042201,74.7748979,75
Kantabaji,23,20.4639112,82.9205737,60
Akhnoor,18,32.8995235,74.7424852,32
Kasinagar,23,18.8577644,83.8807729,71
Kendrapara,23,20.4969108,86.4288534,14
Kendrapara(Marshaghai),23,20.4969108,86.4288534,14
Borsad(Veg Yard Barsad),14,22.4171034,72.896708,3
Mottagaon,23,20.67,85.6,14
Jamnagar,14,22.4707019,70.05773,55
Rayagada(Muniguda),23,19.17,83.42,71
Pimpalgaon,2,20.1699678,73.9873787,75
Sambalpur,23,21.4668716,83.9811665,60
Nadiyad(Piplag),14,22.7,72.87,3
"Petlad(Veg Yard, Petlad)",14,22.4836145,72.801351,3
Taleja,14,21.3514348,72.0327247,75
Aroor,27,11.6575643,75.6948288,72
Ambala City(Subji Mandi),16,30.3781788,76.7766974,49
Bhagta Bhai Ka,3,30.4811084,75.0932352,6
Kayamkulam,27,9.1843659,76.515156,68
Kothamangalam,27,10.0601903,76.6350827,21
Goalpara,22,26.17,90.62,23
Kalahandi(Dharamagarh),23,19.9137363,83.1649001,60
Mannar,27,9.3171351,76.5343721,21
Gunpur,23,19.6090906,83.1146324,71
"New Grain Market , Panchkula",16,30.4776608,77.1216684,49
"New Grain Market , Rohtak",16,28.8875862,76.5704967,22
Piravam,27,9.8730715,76.4919511,21
Pothencode,27,8.619466,76.8987284,68
Thodupuzha,27,9.8929802,76.7221082,21
Mamdot,3,30.8704981,74.4188535,6
Shahzadpur,16,30.4464827,77.033945,49
Amritsar,3,31.6339793,74.8722642,5
Jabalpur(F&V),19,23.166667,79.933333,30
Jaora,19,23.6375958,75.1259641,28
Jora,19,26.3440501,77.8072373,24
Nawan Shahar(MandiRaho),3,29.8118385,71.2473286,6
Chail Chowk,10,31.5663988,77.0097157,42
Mandsaur,19,24.076836,75.0692952,38
Pathankot,3,32.2643375,75.6421121,17
Shajapur(F&V),19,23.4272938,76.2729839,28
Amarawati,2,20.930385,77.75875,46
Batote,18,33.1215891,75.3216488,32
Tarantaran,3,31.4616728,74.9267229,5
Pulwama (F&V),18,33.8716117,74.8945692,64
Shrirampur,2,19.619548,74.660339,44
Dumka,29,24.27,87.25,8
Bahadajholla,23,20.0764351,84.9219115,10
Achalda,17,26.7155368,79.4165048,34
Atarra,17,25.2867411,80.5743969,57
Patiala,3,30.34,76.38,11
Chatta Krushak Bazar,23,20.5856248,86.3313382,14
Baberu,17,25.5503485,80.7048084,34
Gopa,23,21.0110809,86.6170131,14
Hindol,23,20.6131143,85.2023569,14
Talwandi Bhai,3,30.85,74.9333,6
Bharthna,17,26.75,79.23,34
Bharwari,17,25.5597967,81.4855648,57
Chirgaon,17,25.566667,78.816667,24
Kesinga,23,20.2,83.23,60
Dadri,17,28.5461902,77.55621,16
Khariar,23,20.2866522,82.762337,54
Dibiapur,17,26.635833,79.556667,34
Koraput(Semilguda),23,18.813487,82.7123327,71
Mukhiguda,23,19.4305468,82.8413782,71
Jamakhandi,13,16.5043199,75.2917512,18
Gurusarai,17,29.964752,77.5405354,15
Pattamundai,23,20.5854927,86.5661006,14
Sarankul,23,20.0409965,85.0869739,10
Jafarganj,17,25.9159921,80.5014703,34
Tusura,23,20.5036747,83.4830247,60
Jasvantnagar,17,26.88,78.9,2
Ajnala,3,31.84,74.76,5
Jayas,17,26.2661092,81.5473014,40
Kalpi,17,26.1209624,79.7483995,34
Karvi,17,25.2027658,80.9017155,57
Khaga,17,25.7720835,81.1035342,34
Kosikalan,17,27.7873022,77.4371184,22
Lalganj,17,25.0166651,82.3591012,69
Mathura,17,27.4924134,77.673673,2
Kodungalloor,27,10.2093879,76.1958429,21
Jorhat,22,26.75,94.22,29
Meerut,17,28.9844618,77.7064137,16
Kuruppanthura,27,9.7584412,76.5632726,21
F.G.Churian,3,31.1295388,74.9764024,5
Naanpara,17,27.8674709,81.4992884,40
Perumbavoor,27,10.131939,76.4821849,21
Nautnava,17,27.43,83.42,69
Garh Shankar(Mahalpur),3,31.2167,76.1333,41
Pratapgarh,17,25.8973038,81.9452981,69
Robertsganj,17,24.6850005,83.0683519,69
Hoshiarpur,3,31.5143178,75.911483,41
Sehjanwa,17,26.758544,83.2142269,69
Bhivandi,2,19.2812547,73.0482912,44
Ujhani,17,28.0003235,79.0051685,2
Shahabad(New Mandi),17,27.6441382,79.9447096,34
Siyana,17,28.6279101,78.0609138,16
Thrippunithura,27,9.952767,76.338673,21
vadakarapathy,27,10.7824527,76.854799,47
Baruipur(Canning),6,22.3596751,88.4317758,37
Belacoba,6,26.591367,88.5886864,63
Dehradoon,24,30.3164945,78.0321918,15
Badnawar(F&V),19,23.0207891,75.2335788,28
Haridwar Union,24,29.9456906,78.1642478,15
Bhopal(F&V),19,23.2599333,77.412615,9
Jaspur(UC),24,29.2783336,78.82668,25
Durgapur,6,23.5204443,87.3119227,37
Lakshar,24,29.7538434,78.021482,15
Haldwani,24,29.2182644,79.5129767,25
Nihal Singh Wala,3,30.5927402,75.2799884,6
Lashkar(F&V),19,26.1973344,78.1684973,24
Hansi,16,29.1,75.97,26
Mandsaur(F&V),19,24.076836,75.0692952,38
Sagar(F&V),19,23.838805,78.7378068,59
Sanwer,19,22.9736761,75.8260438,28
Ujjain(F&V),19,23.1793013,75.7849097,28
Pen,2,18.734888,73.0966019,44
Akluj,2,17.882445,75.0205283,18
Falakata(Dhupguri),6,26.533333,89.2,63
Birbhum,6,24.3575023,87.8426967,8
Sakri,2,20.9926045,74.3140742,75
Sultanpur,3,26.2647757,82.0727061,40
Vasai,2,19.3919275,72.8397317,44
Malkapur,2,20.886483,76.2162709,28
Katwa,6,23.65,88.13,37
Fatehpur,20,25.9200736,80.8099941,34
Mylavaram,25,16.7638263,80.6382413,70
Bhawanipatna,23,19.908019,83.1702597,60
Siwan,16,26.2196205,84.3566593,50
Angul(Atthamallick),23,20.8444033,85.1510818,14
Athagarh,23,20.5173954,85.6306396,14
Chorichora,17,26.6202242,83.626312,69
Doharighat,17,26.26,83.52,69
Bonai,23,21.8114258,84.9306603,58
Gulavati,17,28.5902291,77.7936081,16
Jharsuguda,23,21.85,84.03,60
Dhing,22,26.47,92.47,23
Malkangiri(Korakunda),23,18.3435863,81.8825279,71
Nilagiri,23,21.4618792,86.7567219,14
Panposh,23,22.2375766,84.8033402,58
Sahidngar,23,21.2989945,86.5381738,14
Kalayat,16,29.67421,76.24575,26
Jundla,16,29.6509413,76.8735374,35
Gundlupet,13,11.8083459,76.6927259,45
Kanakapura,13,12.5462442,77.4198823,7
Malur,13,13.0034948,77.9424531,7
Sardhana,17,29.15,77.62,16
Sirsaganj,17,27.0552636,78.6893782,2
Kottarakkara,27,9.0009187,76.7720205,68
Tilhar,17,27.963417,79.7384346,25
Jangipur,6,24.4589833,88.1047287,8
Jalandhar City(Jalandhar),3,31.3260152,75.5761829,41
Kullu(Chauri Bihal),10,31.957851,77.1094597,42
Dhanbad,29,23.7956531,86.4303859,56
Anoop Shahar,17,28.3540864,78.2675478,16
Honnali,13,14.2342499,75.6469934,18
K.R. Pet,13,13.2370691,75.7596233,43
Madikeri,13,12.4244205,75.7381856,72
Pune(Pimpri),2,18.5204303,73.8567437,44
Chalakudy,27,10.3080272,76.3336779,66
Mydukur,25,14.7301846,78.7294044,27
Rayya,3,31.54,75.23,5
Irikkur,27,11.9869254,75.5538712,72
Nedumkandam,27,9.843056,77.151389,21
Deori,19,23.4,79.02,59
Devband,17,29.7,77.68,35
Jaipur(F&V),20,26.9124336,75.7872709,31
Vijayawada,25,16.5061743,80.6480153,70
Neem Ka Thana,20,27.738,75.783,31
Thiruvananthapuram,27,8.5241391,76.9366376,68
Mansa,14,23.4349854,72.6565084,3
Goreswar,22,26.54,91.73,23
Udupi,13,13.3371151,74.746596,43
Nashik(Devlali),2,19.9974533,73.7898023,44
Newasa,2,19.5511772,74.9281063,44
Sangola,2,17.4340512,75.1953934,18
Nandura,2,20.833333,76.459722,28
Barikpur,23,21.3411692,86.7504372,14
Sambhal,17,28.59,78.57,25
Garobadha,7,25.5858693,90.0233208,23
Sikarpur,17,28.7916012,77.7122996,16
Dhamnod,19,22.22,75.47,28
Kopargaon,2,19.8916791,74.4790898,44
Nuh,16,28.1023894,76.9931074,22
Yusufpur,17,25.6269953,83.7491298,69
Raath,17,25.6021251,79.5659633,34
Shikohabad,17,27.1061756,78.5881674,2
Bariwala,3,30.5379151,74.6524859,6
Bermo,29,23.783333,85.95,56
Ramnagar,24,29.3947643,79.1264997,25
Vikasnagar,24,30.468,77.774,15
Asansol,6,23.6739452,86.9523954,8
Anwala,17,27.4583916,77.6904744,2
Chakdah,6,23.083333,88.516667,37
Ranaghat,6,23.17405,88.5639352,37
Sainthia,6,23.95,87.666667,8
Samsi,6,25.2734916,88.0039972,53
Chitwadagaon,17,25.7348119,84.0008772,69
Haldaur,17,29.2930115,78.2832069,15
Dahod,14,22.8379314,74.2531465,28
Jalalabad,17,27.7180417,79.6558242,34
Sarangpur,19,23.5664503,76.472256,9
Kamthi,2,21.2275312,79.1900834,46
Maigalganj,17,27.7172982,80.3449831,40
Atrauli,17,27.1731576,80.6604364,40
Pampady,27,9.5656567,76.6441591,21
Mohammdi,17,27.9546524,80.213534,40
Thalayolaparambu,27,9.785,76.4481,21
Banthara,17,27.9245892,79.82127,25
Navapur,2,21.1616527,73.7946403,75
Baruwasagar,17,25.3748314,78.732033,24
Parikshitgarh,17,28.9792981,77.9310283,16
Bharthana,17,26.75,79.23,34
Bharuasumerpur,17,25.82897,80.1569337,34
Rampurmaniharan,17,29.805,77.452,35
Vaijpur,2,19.9256818,74.7284812,44
Salon,17,26.03,81.45,40
Lamlong Bazaar,15,24.5692831,93.7680349,36
Aizawl,4,23.727107,92.7176389,4
Godhra,14,22.7788044,73.6142795,3
Gadaura,17,27.009104,79.6923047,34
Tanda,17,26.55,82.65,69
Uttaripura,17,26.4894255,80.2819579,34
Jamkhed,2,18.7380109,75.312064,44
Hargaon (Laharpur),17,27.7711254,80.7269854,40
Kohima,28,25.6701,94.1077,36
Bijay Nagar,20,25.9267581,74.6506322,38
Khurja,17,28.2513538,77.8538797,16
Konch,17,26.0047669,79.1604971,24
Kurara,17,25.9801059,79.9892034,34
Koraput,23,18.813487,82.7123327,71
Muskara,17,25.6653084,79.7988084,34
Sahaspur,23,20.7545837,86.3022953,14
Sikandraraau,17,27.6864088,78.378274,2
Porsa(F&V),19,26.672873,78.36924,24
Parimpore,18,33.778175,76.5761714,17
Mehatpur,3,31.0473273,75.4723411,41
Nawan Shahar(Mandi Aur),3,29.8118385,71.2473286,6
Nawanshahar,3,31.0912954,76.0391909,41
Doddaballa Pur,13,13.2927263,77.5389069,7
Ranebennur,13,14.6167,75.6167,18
Kotadwara,24,29.7524013,78.5269027,15
Jalore,20,25.3444799,72.6253763,33
Punhana,16,27.8619041,77.2054992,22
Chhibramau(Kannuj),17,27.1499944,79.4998985,34
Bayana,20,26.9158088,77.2893606,2
Chirwa,20,24.7056763,73.7433727,33
Junnar(Alephata),2,19.2,73.88,44
Kherli,20,27.2065212,77.0337548,2
Nagamangala,13,12.82,76.76,45
Tonk,20,26.17,75.78,31
Chhibramau,17,27.1499944,79.4998985,34
Kollegal,13,12.1536786,77.1111214,45
Nippani,13,17.3876754,76.9931074,76
Indapur,2,18.12,75.03,44
Manglaur,24,29.7920979,77.879602,15
Koregaon,2,17.6966354,74.1607179,44
Sirsa,17,25.2585031,82.0924577,69
Shikaripura,13,14.27,75.35,18
Sulya,13,12.558056,75.389167,43
Sivasagar,22,26.98,94.63,29
Nagour(FV),20,27.1991222,73.740924,33
Tura,7,25.5140712,90.2032141,23
Choubepur,17,26.3032692,82.2569717,69
Jhijhank,17,26.5622301,79.7357812,34
Mauranipur,17,25.2432171,79.1379196,24
Nawabganj,17,26.87,82.13,40
Bilsi,17,28.1282088,78.9063483,25
Kadaura,17,25.9852907,79.837296,34
Kamalapuram,25,14.608384,78.662567,27
Siliguri,6,26.7083818,88.4268741,63
Balarampur,6,23.0943913,86.2202962,56
Madhogarh,17,26.276111,79.186944,24
Kasipur,6,22.9679581,86.8947789,37
Medinipur(West),6,22.424,87.319,37
Uluberia,6,22.4744363,88.1000377,37
Harda(F&V),19,22.3355446,77.0996085,9
Vandiperiyar,27,9.5693449,77.0862926,21
Ashta,19,23.0180474,76.715972,9
Wokha Town,28,26.0910351,94.2589738,36
Zunheboto,28,26.0092831,94.5237707,36
Shamli,17,29.448056,77.310278,35
Wansi,17,27.1751518,82.93146,69
Bagalakot,13,16.1725355,75.6557206,18
Adampur,16,31.4329486,75.713901,41
Srinivasapur,13,13.337778,78.212222,7
Thirthahalli,13,13.6894963,75.2449892,43
Aralamoodu,27,8.4143482,77.0613027,68
Kattappana,27,9.7568348,77.116864,21
Nakodar,3,31.1270186,75.4817733,41
Kama,20,24.9068162,73.6212417,33
Mulabagilu,13,13.1666533,78.3940737,7
Nadwai,20,27.2144024,77.2031493,2
Koyambedu,11,13.0691658,80.1913883,12
L B Nagar,32,17.3457176,78.5522296,76
Kayamkulam(Alleppey),27,9.1843659,76.515156,68
Bishnupur,6,23.08,87.32,37
Oddunchairum,11,9.1748871,77.856738,67
"Patan(Veg,Yard Patan)",14,23.8493246,72.1266255,3
Patna (Musallahpur),26,25.611,85.144,50
Chevella,32,17.3123703,78.138541,76
Tanakpur,24,29.0722375,80.1065646,25
Shamgarh,19,24.1883179,75.6352989,38
Syopurkalan(F&V),19,24.5831049,81.5245736,57
Gonikappal,13,12.1833,75.9276,72
Nissing,16,29.6923819,76.7625073,35
Munnar,27,10.0889333,77.0595248,21
Vengeri(Kozhikode),27,11.3044796,75.7967371,39
Mandi(Takoli),10,31.7081655,76.9313675,42
Moreh,15,24.251281,94.3013043,36
Thoubal,15,24.6449243,93.99929,36
Urai,17,25.519804,81.1764724,57
Sheopurkalan,19,25.6711824,76.7005056,38
Shivpuri,19,25.43,77.65,24
Gajol,6,25.2108593,88.1923843,53
Khairthal,20,27.8011636,76.6441591,22
Gadarpur,24,28.98,79.4,25
Shamgarh(F&V),19,24.1883179,75.6352989,38
Kosgi,32,16.9877611,77.7169224,76
Shivpuri(F&V),19,25.43,77.65,24
Kullu(Patli Kuhal),10,31.957851,77.1094597,42
Israna,16,29.27698,76.8519159,35
Bidar,13,17.92,77.519722,76
Narsapur,32,17.738611,78.282778,76
Armoor,32,18.7894581,78.2892742,76
Kicchha,24,28.92,79.5,25
Vijapur(veg),14,23.57,72.75,3
Sitarganj,24,28.93,79.7,25
Solan(Banalgi),10,30.9044857,77.0967357,62
Kulgam,18,33.6449908,75.018031,64
Damoh(F&V),19,23.8380986,79.4421731,59
Tileibani,23,21.5461978,84.6034271,60
Ramdurga,13,15.95,75.3,18
Khekda,17,28.8644717,77.2806207,16
North Lakhimpur,22,27.241389,94.105556,29
Srirampur,22,26.433372,89.9025413,63
Koppa,13,13.5288647,75.3630796,43
Chalisgaon,2,20.47,75.02,75
Channapatana,13,12.653,77.205,7
Bhesan,14,21.5548528,70.7034651,55
Madhugiri,13,13.66,77.21,7
Sindhanur,13,15.7702099,76.7560495,18
Karjat(Raigad),2,18.9192249,73.3277223,44
Una,14,20.82,71.03,55
Mohamadabad,17,25.120127,83.0166672,69
Bharatpur,20,27.216981,77.489515,2
Nabarangpur(Umerkote),23,19.23,82.55,71
Bagepalli,13,13.784605,77.7981834,7
Haveri,13,14.793889,75.403889,18
Chintamani,13,13.4019689,78.0551384,7
Morena(F&V),19,26.5,78,24
Vessue,18,33.778175,76.5761714,17
Chennai,11,13.0826802,80.2707184,12
Karmala,2,18.4044833,75.1953934,44
Holenarsipura,13,12.7869166,76.2467352,45
Lohian Khas,3,31.16132,75.211099,5
Nizamabad,32,18.6725047,78.0940867,76
Nelakondapally,32,17.0978591,80.0760949,70
Bangarpet,13,13.1267178,78.1349748,7
Anklav,14,22.39127,72.99455,3
Bhulath,3,31.5423237,75.5058321,5
Fazilka (Ladhuka),3,30.4036478,74.0279621,6
Bilaspur,9,31.3429426,76.7625073,42
Gadarwada,19,21.954068,78.9146798,46
Ghatal,6,22.67,87.72,37
Junagadh,14,21.522184,70.4578768,55
Mahbubnagar,32,16.7375089,78.0081221,27
Shopian,18,33.7170033,74.8360918,64
Washi(Thane Market),2,18.542222,75.778889,44
Bailahongal,13,15.817,74.867,18
Chutmalpur,17,30.035,77.751,15
Gaddiannaram,32,17.3908771,78.5490494,76
Patna City,26,25.611,85.144,50
Ratnagiri (Nachane),2,16.990215,73.3120233,48
Tuljapur,2,18.010037,76.0710681,18
Puranpur,17,28.5129459,80.1477341,25
Kurdwadi(Modnimb),2,18.0963477,75.4221007,18
Sagar,13,23.838805,78.7378068,59
Lungli,4,22.8670691,92.7655358,4
"R and B Guest House,RBZ,Vizianagaram",25,18.1093296,83.3892884,71
Namhol(Bilaspur),10,31.2568523,76.8598442,62
Karwar,13,14.8,74.13,48
Tohana(New Veg Market),16,29.7,75.9,26
Zaloosa-Chararishrief (F&V),18,33.778175,76.5761714,17
Chandigarh (F&V),21,30.7399738,76.7567368,11
Naushera Pannuan,3,30.7081422,76.5863882,11
Nanjangud,13,12.1199769,76.680093,45
Datia,19,25.6653262,78.4609393,24
Vilaspur,17,26.8714776,78.8853235,2
Karnailganj,17,28.6380264,77.2153889,16
Chaandpur,17,26.5268623,83.8380216,69
Vishalpur,17,28.2937839,79.804459,25
Maholi,17,27.6537759,80.475757,40
Utraula,17,27.32,82.42,40
Viswan,17,27.4937578,80.9964806,40
Chomu,20,27.17,75.72,31
Mehmoodabad,17,27.3,81.133333,40
Bandrol,10,32.0255166,77.1270323,42
Dhampur,17,29.3058279,78.5062002,25
Misrikh,17,27.43,80.52,40
Mihipurwa,17,28.0684749,81.25326,40
Risia,17,27.687749,81.606486,40
4th Mile Dimapur,28,25.8654824,93.7714464,19
Sri Har Gobindpur,3,31.6894,75.4797,5
Morena,19,26.5,78,24
Sakaleshpura,13,12.9441511,75.7865653,43
Dhone,25,15.395984,77.8727193,27
"AMO, Amritsar",18,33.778175,76.5761714,17
Jowai,7,25.450902,92.2089109,61
Annigeri,13,15.43,75.43,18
Javad,19,24.6,74.85,38
Rattia,16,29.68,75.58,26
Challakere,13,14.32,76.65,7
Golagokarnath,17,28.08,80.47,40
Howrah,6,22.5957689,88.2636394,37
Parvathipuram,25,18.7817162,83.4267518,71
Rajampet,25,14.1965314,79.1563718,27
Bilga,3,31.0501545,75.6546595,41
Agar,19,24.2321486,75.4985521,38
Vijapur,14,23.57,72.75,3
Lakkireddipally,25,14.1831779,78.6994326,27
Kot ise Khan,3,30.952184,75.1290781,5
Nellore,25,14.4425987,79.986456,27
Siddipet(Rythu Bazar),32,18.1019043,78.852077,76
Rasda,17,26.6719369,82.2719086,40
Tikonia,17,26.8761563,80.9684566,40
Aatpadi,2,17.4287331,74.9383153,18
Mamdot(Tibbi Khurd),3,30.8704981,74.4188535,6
Kheragarh,9,21.4195368,80.9788187,54
Falakata,6,26.533333,89.2,63
Piriya Pattana,13,12.3373606,76.098651,45
Dankaur,17,28.3476974,77.553344,16
Ganjdudwara,17,27.7345321,78.9373099,2
Pipli,16,28.8605165,76.9376587,16
Jogipet,32,17.833333,78.066667,76
Anand Nagar,9,21.184335,81.3024603,54
Ankleshwar,14,21.6264236,73.0151984,75
Katni,19,23.8308453,80.4072255,30
Akodia,19,23.3813932,76.6037222,9
Gopiganj,17,25.2823381,82.4346498,69
Jaspur,9,21.7198944,83.0441927,60
Manasa,19,24.4748048,75.140385,38
Anand,14,22.556,72.951,3
Sindagi,13,16.9172558,76.2334278,18
Annur,11,11.2321032,77.106716,13
Safdarganj,17,26.9054317,81.3536914,40
Saharsa,26,25.870556,86.601389,8
Shajapur,19,23.4272938,76.2729839,28
Bishenpur,15,24.6303603,93.7598288,36
Keshod,14,21.2997164,70.2492882,55
Koilkunta,25,15.2333,78.3167,27
Babrala,17,28.2636806,78.4037329,2
Shahaswan,17,28.068,78.751,2
Chandrapur,2,19.95,79.3,46
Sehore,19,23.205012,77.0850781,9
Kaliaganj,6,25.633071,88.326962,53
Deesa,14,24.2585031,72.1906721,3
Dera Baba Nanak,3,32.0321859,75.0304481,5
Khammam,32,17.2472528,80.1514447,70
Acharapakkam,11,12.3959,79.8091,52
Kattakada,27,8.4938457,77.1137324,68
Mau(Chitrakut),17,25.9496379,83.5586445,69
Rudauli,17,26.75,81.75,40
Sringeri,13,13.42,75.25,43
Padampur,20,21,83.07,60
T. Narasipura,13,14.1271868,75.2201933,43
Dhanaula,3,30.28,75.58,6
Ramanathapuram(phase 3),11,10.9974549,76.9915961,13
Hoskote,13,13.07,77.8,7
Sadiq,3,30.7071928,74.5844061,6
Dadengiri,7,25.7582239,90.224213,23
Sultanpurchilkana,17,30.0707967,77.5003091,15
Wazirganj,17,28.22,79.05,25
Jawali,2,17.8797159,74.5902635,44
Bhogpur,3,31.5561195,75.6382657,41
Bhehjoi,17,25.38727,82.5680309,69
Bhagwanpur(Naveen Mandi Sthal),24,29.9410958,77.8124255,15
Sailana,19,23.4577763,74.9281842,28
Hamirpur,17,31.6861745,76.5213092,42
Varanasi(F&V),17,25.3176452,82.9739144,69
Pargi,32,17.1765832,77.8767442,76
Maddur,13,12.5849,77.05,45
Kolhapur(Laxmipuri),2,16.6913076,74.2448662,48
Jangipura,17,25.6540508,83.5576478,69
Sajapur,19,23.4272938,76.2729839,28
Jammalamadugu,25,14.8474197,78.3899108,27
Jalana,2,19.8296893,75.8800305,28
"New Grain Market(main), Karnal",16,29.8271692,74.9800547,6
Moodigere,13,12.4244205,75.7381856,72
Adilabad,32,19.67,78.53,76
Ongole(Rythu Bazar),25,15.5057232,80.049922,27
Saidpur,17,25.5408003,83.2254204,69
Dataganj,17,28.03,79.4,25
Fruit Market,2,19.073728,73.008265,44
Pethappampatti,11,10.6776201,77.216085,13
"Anjar(Veg,Sub Yard)",14,23.1379042,70.0172075,73
Sonepat(Kharkhoda),16,28.9287735,77.091281,16
Pavagada,13,14.1,77.27,7
Holalkere,13,14.0504576,76.181272,43
Porsa,19,26.672873,78.36924,24
Bapauli,16,29.3384021,77.083787,35
Mhalingapur,13,16.3896542,75.1107527,18
Madhira,32,16.9235584,80.3686488,70
Bazpur,24,29.1585345,79.1463868,25
Vita,2,17.2751726,74.5357127,18
Diamond Harbour(South 24-pgs),6,22.2,88.2,37
Motihari,26,26.65,84.916667,50
Nadiad,14,22.7,72.87,3
Rania(Jiwan nagar),16,29.5255162,74.8360918,6
Guna,19,24.65,77.32,9
Manawar,19,22.2366679,75.0873956,28
Channarayapatna,13,12.9000208,76.3898637,45
Gehri(Jandiala mandi),3,31.594682,75.0713355,5
Banaganapalli,25,15.3181028,78.225545,27
Nowpora,18,33.6056025,75.1870044,64
Harihara,13,12.3976785,77.2893606,7
Himatnagar(Veg.Market Himatnagar),14,23.6036268,72.9639461,3
Jagalur,13,14.5200883,76.3376786,18
Ranaghat(Kalyani),6,23.17405,88.5639352,37
Neeleswaram,27,11.3475685,75.9724491,39
Patran,3,29.9577,76.0486,26
Karimpur,6,23.9742977,88.6265475,37
Kanispora Baramulla (F&V),18,34.2168043,74.3904976,64
Babra,14,21.844167,71.304167,55
Dhilwan,3,31.52,75.35,5
Gudiwada,25,17.7677955,82.8048087,71
Sindholi,17,25.8311339,79.2986668,24
Islampur,6,26.266667,88.2,63
Bara Bazar,4,23.732685,92.7171403,4
Amargarh,3,30.46071,76.0130784,41
Kalmeshwar,2,21.232102,78.91796,46
Chittor(Rythu Bazar),25,13.217176,79.1003289,12
"Eluru(P.Sri.Mkt),RBZ",25,16.7106604,81.0952431,70
"Eluru-II,RBZ",25,16.7106604,81.0952431,70
Srirangapattana,13,12.4215561,76.6931273,45
Kalapipal,19,23.4136273,76.2899071,28
Eluru,25,16.7106604,81.0952431,70
Vankaner,14,21.0764106,73.1733127,75
Shadnagar,32,17.0778,78.2011,76
Ramanagara,13,12.72,77.3,7
Harappana Halli,13,14.8,75.98,18
Kannad,2,20.27,75.13,75
Pathalgaon,9,22.5563659,83.4610207,60
Mansa(Manas Veg Yard),14,23.4349854,72.6565084,3
Kalwakurthy,32,16.6684995,78.4906395,27
Ratlam(F&V),19,23.3341696,75.0376325,28
Shimla and Kinnaur(Rampur),10,31.552427,77.93066,62
Darjeeling,6,27.0360066,88.2626751,63
Bodwad(Varangaon),2,20.901904,76.0174308,28
Jaisalmer,20,26.9157487,70.9083443,33
Panchkul(Kalka),16,30.6942091,76.860565,49
Silapathar,22,27.5952937,94.724003,29
Shrigonda,2,18.6175439,74.6981267,44
Hajipur,26,25.577045,87.5346402,53
Bewar,17,27.2178783,79.2986668,34
Aarah,26,25.5560443,84.6603307,50
Bhodhan,32,18.67,77.9,76
Nawada,26,24.88,85.53,50
Sardarnagar,32,17.0928993,78.1657064,76
Adilabad(Rythu Bazar),32,19.67,78.53,76
Champhai,4,23.4565708,93.3281929,4
Santoshgarah,10,31.3562387,76.3225553,41
Erragadda(Rythu Bazar),32,17.4562645,78.4308225,76
Bihariganj,26,25.7330441,86.9877422,53
Muzaffarpur,26,26.1208876,85.3647201,50
Samastipur,26,25.8629679,85.7810263,50
Guna(F&V),19,24.65,77.32,9
Chhapra,26,25.7795649,84.7498886,50
Ahmedgarh,3,30.678,75.827,41
Jehanabad,26,25.216667,84.983333,50
Ding,16,29.4609337,75.2604846,26
Gajapathinagaram,25,17.7876984,82.947467,71
Chopada,2,21.2472081,75.3031435,28
Guntakal,25,15.1674091,77.3736238,27
Bhagalpur,26,25.25,87,8
Pandhurna,19,21.6,78.52,46
Dindigul,11,10.3673123,77.9802906,20
Hunsur,13,12.31,76.29,45
Karsiyang(Matigara),6,26.882762,88.279541,63
Kalanaur,3,32.01,75.15,5
Cuddapah,25,14.4673541,78.8241339,27
Gubbi,13,13.31,76.94,7
Nirmal,32,19.0964117,78.342975,76
Ramayampet,32,18.116609,78.429766,76
Shahkot,3,31.5757477,73.4814918,5
Pipar City,20,26.3856,73.5378,33
Mangalore,13,12.9141417,74.8559568,43
Shamshabad,19,22.8350333,76.3449152,28
Rajpipla,14,21.8715143,73.5030517,75
Jwalaji,10,31.8376646,76.1782115,17
Tikabali,23,19.7986223,84.3673483,10
Siddavatam,25,14.4667556,78.9698314,27
Alwar,20,27.5529907,76.6345735,22
Dubbak,32,18.1765344,78.6654033,76
Shahpur,17,29.35,77.55,35
Somvarpet,13,12.5943101,75.8504904,45
Nagur,32,18.1617332,77.4960078,76
Vai,2,20.0848733,78.6267518,46
Nagaur,20,27.1991222,73.740924,33
Dimapur,28,25.92,93.73,19
H.B. Halli,13,17.8433951,76.8663307,76
Goniana(Mehma Sarja),3,30.3191305,74.9146364,6
Neyyatinkara,27,8.401648,77.0871199,68
Narayanpet,32,16.7445112,77.4960078,76
Bhimunipatnam,25,17.8875169,83.4456801,71
Rajahmundry,25,17.0005383,81.8040345,70
Rayadurg,25,14.696869,76.8546505,7
Sangat,3,30.0855734,74.8419405,6
Nanuta,17,29.71,77.42,35
Aron,19,24.381131,77.4182234,9
Ashoknagar,19,24.5775148,77.7318495,59
Badarwas,19,24.976938,77.5644966,24
Badnagar,19,23.0504394,75.3773549,28
Badod,19,23.7920988,75.8083612,28
Bhind,19,26.5642,78.7883,24
Bichhiya,19,22.45277,80.7107769,30
Binaganj,19,24.1874988,77.0315596,9
Dabra,19,25.8907463,78.3324512,24
Gohad,19,26.445434,78.4341159,24
Kailaras,19,26.3013729,77.6163803,24
Kannod,19,22.6630638,76.7423094,28
Karera,19,25.456807,78.1279359,24
Khachrod,19,23.4215674,75.2797544,28
Khaniadhana,19,25.0320704,78.1270298,24
Khategaon,19,22.5918286,76.9067598,9
Kolaras,19,25.2242588,77.6106512,24
Kumbhraj,19,24.37,77.05,9
Lahar,19,26.193891,78.9443807,24
Loharda,19,22.5919948,76.5921665,28
Magroni,19,25.700458,77.9367409,24
Mahidpur,19,24.5786275,77.9938497,59
Maksudangarh,19,24.0641223,77.2462628,9
Momanbadodiya,19,23.5723229,76.3203091,28
Mungawali,19,25.4847842,78.1849427,24
Nalkehda,19,23.8356771,76.2363989,28
Pichhour,19,25.178333,78.188611,24
Piplya,19,22.1376243,74.8682569,28
Pohari,19,25.5409269,77.3640257,24
Sevda,19,23.1209453,76.6643728,9
Sheopurbadod,19,25.490556,76.6575,38
Sonkatch,19,22.9729348,76.3469014,28
Susner,19,23.9428099,76.1001009,28
Suvasra,19,24.0697172,75.6528116,38
Taal,19,26.2070539,78.1689776,24
Tarana,19,23.3374767,76.042092,28
Unhel,19,23.3380745,75.5582376,28
Birmaharajpur,23,20.8681552,84.0458176,60
Narot J Singh,3,32.2944367,75.4570493,32
Jalandhar City(Faintan Ganj),3,31.3260152,75.5761829,41
Dhara,27,9.5204474,76.5698027,21
Kendupatna(Niali),23,20.4685824,86.1459216,14
Balaghat,19,21.812876,80.1838293,46
Chaurai,19,22.0528825,79.2479342,46
Dindori,19,22.9417931,81.0768455,30
Gorakhpur,19,26.7605545,83.3731675,69
Gotegaon,19,23.039731,79.4844499,30
Kareli,19,22.933611,79.062222,30
Katangi,19,21.7704644,79.804459,46
Keolari,19,22.3702354,79.9065587,30
Mandla,19,22.5979218,80.3713855,30
Narsinghpur,19,22.946557,79.1943534,30
Saunsar,19,21.6519825,78.7957856,46
Sehora,19,23.1168513,80.128901,30
Seoni,19,22.0868691,79.5434841,46
Shahpura(Jabalpur),19,23.1844289,80.7048084,30
Varaseoni,19,21.764722,80.049444,46
Vaduj,2,17.593548,74.4510972,44
Mangrol,14,21.12,70.12,55
Ghoti,2,19.440431,73.8801301,44
Vikarabad,32,17.3364298,77.9048483,76
Bhalki,13,18.0503666,77.2183652,76
Madurai,11,9.9252007,78.1197754,20
Machilipatnam,25,16.17,81.13,70
Nandyal,25,15.4785694,78.4830934,27
"Alwal,RBZ",32,17.4980973,78.5027043,76
Pulivendala,25,14.4222318,78.2263388,27
Bellary,13,15.1393932,76.9214428,18
Mahbubnagar(Nawabpet),32,16.7375089,78.0081221,27
Rahuri(Songaon),2,19.392678,74.6488264,44
Alibagh,2,18.6553938,72.8670819,44
Lakhnadon,19,22.6014971,79.6010758,30
Bumhama-Kupwara (F&V),18,34.4476837,74.1978786,64
Handwara (F&V),18,34.3996158,74.2817479,64
"P. Ramacharyulu Park,RBZ",25,14.6818877,77.6005911,27
Ahmedabad,14,23.022505,72.5713621,3
Mehsana,14,23.5879607,72.3693252,3
Kalpetta,27,11.5833985,76.0661527,72
Karimnagar,32,18.4385553,79.1288412,76
Amadalavalasa,25,18.4101166,83.902951,71
Ravulapelem,25,17.4986709,81.9998367,71
Limdi,14,23.0088266,74.1558712,3
Alathur,27,10.6419924,76.5449647,47
Dharwar,13,15.4589236,75.007808,18
Petlad,14,22.4836145,72.801351,3
Kakinada,25,16.9890648,82.2474648,71
Bhadaur,3,30.4742716,75.3266416,6
Mandya,13,12.52,76.9,45
Tirupati,25,13.6287557,79.4191795,12
Penukonda,25,14.0844312,77.5973233,7
Akola,2,20.7059345,77.0219019,46
Pandhana,19,21.6948417,76.2203908,28
Abu Road,20,24.48,72.78,3
Ambejaogai,2,18.73,76.38,76
Vadodara,14,22.3071588,73.1812187,3
Chipurupalli,25,18.3105327,83.568301,71
Bhuj,14,23.2419997,69.6669324,73
Polavaram,25,17.2478932,81.6432353,70
Jalgaon(Masawat),2,20.997984,75.566711,28
Saluru,25,18.5163848,83.2050863,71
"Registrar Co Op,Panaji",1,15.5008688,73.8261059,48
Bhadrawati,2,20.1003298,79.1145675,46
Narasaraopet,25,16.2353506,80.0479039,70
Allagadda,25,15.1344838,78.5031721,27
Aurangabad,26,24.75,84.37,50
Biharsharif,26,25.1982147,85.5148735,50
Darbhanga,26,26.111868,85.896004,50
Gaya,26,24.7954523,84.999431,50
Katihar,26,25.552048,87.5718609,53
Khagaria,26,25.506111,86.471111,8
Kishanganj,26,26.079444,87.937222,53
Sasaram,26,24.949036,84.0314295,69
Viramgam,14,23.1236377,72.0527421,3
Bishalgarh,8,23.6739542,91.2816811,1
Kathlal,14,22.9003143,72.9911677,3
Shimla,10,31.1048145,77.1734033,62
Gulabbagh,26,25.7871464,87.5420579,53
Madhubani,26,26.3468544,86.0715474,50
Singheswarsthan,26,25.9834314,86.7957044,53
Kasargod,27,12.4386702,75.201229,43
Khed,2,17.7195516,73.3968136,44
Monday Market,11,8.1987185,77.304441,68
Tawang,12,27.5780678,91.8757422,23
Bihta,26,25.5633231,84.8698081,50
Akkalkot,2,17.5242162,76.2054416,18
Lakhisarai,26,25.167778,86.094444,8
Anantapur,25,14.6818877,77.6005911,27
Jahajharpur,26,26.2674009,86.2969422,8
Siwan,26,26.2196205,84.3566593,50
Munghair,26,25.381,86.465,8
Noor Mehal,3,31.5741572,74.3221329,5
Sitamarhi,26,26.5945129,85.4835393,50
Penugonda,25,16.6547241,81.7445167,70
Jainagar,26,25.05,84.083333,69
Devarakadra,32,16.6247946,77.8410163,27
Bahadurganj,26,26.2643148,87.8279577,53
Forbesganj,26,26.2992736,87.2666121,53
Pandavapura,13,12.4928616,76.6642853,45
Khambhat,14,22.3180817,72.6189845,3
Vansda,14,20.7579323,73.3640381,75
Bettiah,26,26.801389,84.502778,50
Belur,13,13.1629,75.8571,43
Wardha,2,20.745319,78.6021946,46
Ungatur,25,16.8229562,81.4237776,70
Begusarai,26,25.416675,86.1293792,8
Mallanwala,3,31.0472444,74.8136383,5
Mohanpur,8,23.9653997,91.3710402,1
Sankeshwar,13,16.2547766,74.4818698,18
Danapur,26,25.6206672,85.0493253,50
Bolangir(Patnagarh),23,20.7074234,83.4842725,60
Kalyandurg,25,14.55,77.1,7
Alirajpur,19,22.305,74.36,28
Anjad,19,22.043094,75.0538136,28
Badnawar,19,23.0207891,75.2335788,28
Badwaha,19,22.03,74.9,28
Badwani,19,22.03,74.9,28
Bhikangaon,19,21.8681333,75.9628596,28
Dhar,19,22.6012922,75.3024655,28
Harsood,19,22.502285,77.5017428,9
Jhabua,19,22.769666,74.5920921,28
Jobat,19,22.42,74.57,28
Karhi,19,22.2787489,75.7974636,28
Kasrawad,19,22.120897,75.611128,28
Khargone,19,21.8335244,75.6149893,28
Khetia,19,21.673333,74.586944,28
Kukshi,19,22.2068295,74.7556518,28
Mhow,19,22.5524372,75.7565273,28
Petlawad,19,23.0122956,74.7966079,28
Rajgarh,19,24.0078819,76.7278803,9
Sanawad,19,22.18,76.07,28
Segaon,19,21.8656778,75.3237262,28
Sendhwa,19,21.6818986,75.0942651,28
Thandla,19,23.0067768,74.5785485,28
"AMO, Mumbai",18,33.778175,76.5761714,17
Ramachandrapuram,25,16.8372408,82.0325401,70
Kunjpura,16,29.715833,77.080278,35
Mehrauni,17,26.1808952,83.4019725,69
Kota,20,25.2138156,75.8647527,38
Mehsana(Jornang),14,23.5879607,72.3693252,3
Banapura,19,22.4729995,77.4831032,9
Bankhedi,19,22.7690544,78.5348565,59
Bareli,19,23.0056265,78.2307517,9
Begamganj,19,23.6011232,78.3359475,59
Berasia,19,23.6278576,77.4314466,9
Betul,19,21.9108031,77.9011842,46
Bhopal,19,23.2599333,77.412615,9
Biaora,19,23.9185649,76.9113222,9
Chhapiheda,19,23.4819526,76.2734364,28
Gairatganj,19,23.412222,78.221667,59
Ganjbasoda,19,23.8514645,77.926303,9
Itarsi,19,22.6054858,77.753544,9
Jeerapur,19,24.02,76.38,9
Khilchipur,19,24.0444612,76.5806097,9
Khirakiya,19,22.166667,76.861667,28
Khujner,19,23.7871632,76.6224981,9
Kurawar,19,23.5113515,77.0247361,9
Kurwai,19,24.117222,78.038333,59
Multai,19,21.7751821,78.2571256,46
Narsinghgarh,19,23.7,77.1,9
Nasrullaganj,19,22.6063673,77.2087364,9
Obedullaganj,19,22.9995401,77.5864913,9
Pachaur,19,24.1365181,82.3506142,57
Pipariya,19,22.7622132,78.3486781,9
Raisen,19,23.3327329,77.7823973,9
Rehati,19,25.9746655,77.8052767,24
Semriharchand,19,22.6921762,78.1051246,9
Shyampur,19,23.339555,77.4192758,9
Sironj,19,24.1,77.7,9
Timarni,19,22.3692296,77.2261452,9
Udaipura,19,23.0774041,78.5121286,59
Vidisha,19,23.53,77.82,9
Karjat(Rashin),2,18.9192249,73.3277223,44
Kothavalasa,25,17.8908652,83.1908216,71
Patan,2,17.37,73.9,48
Radheja,14,23.292206,72.6417265,3
V.Kota Mkt.Yard,25,13.0011676,78.4794568,7
Pongalur,11,10.9729427,77.3697672,13
Ulundurpettai,11,11.690556,79.291667,52
Rapar,14,23.5729757,70.6447369,73
Zaheerabad,32,17.68,77.62,76
Tapa(Sadar Bazar),3,30.298056,75.368889,6
Mehmadabad,14,22.9991066,72.616569,3
S.Mandvi,14,22.833334,69.3554783,73
Garhshankar(Saila Khurd),3,31.2167,76.1333,41
Nigdu,16,29.8403836,76.736538,35
Siddipet,32,18.1019043,78.852077,76
Dhari(Chalala),14,21.326649,71.0252571,55
Pusapatirega,25,18.091992,83.55227,71
Shahapur,13,16.6956754,76.8431564,18
Nuzvid,25,16.78,80.85,70
Anakapally,25,17.686,83.008781,71
Srikakulam,25,18.2969747,83.8967813,71
Laxmeshwar,13,15.0914643,75.468961,18
Bhusaval,2,21.05,75.77,28
Hanagal,13,14.7375271,76.7026255,18
Basava Kalayana,13,17.872778,76.949722,76
Sillod(Bharadi),2,20.3079382,75.6528116,28
Chodavaram,25,17.8313806,82.9340217,71
Dharampur,10,30.8994362,77.0190228,62
Aarni,2,20.073989,77.949258,46
Bhikhi,3,30.0582031,75.5342579,6
Shahapur,2,16.6956754,76.8431564,18
