1,2006-01-01,2006-01-07,44,15554.89605859,5.58086917691429,9.15432804232857
2,2006-01-08,2006-01-14,44,18580.5178321,4.80783893069286,9.52124578723714
3,2006-01-15,2006-01-21,44,15037.63208645,4.42962944935,9.74760317623143
4,2006-01-22,2006-01-28,44,12367.18756118,4.08054543622143,9.68062234908571
5,2006-01-29,2006-02-04,44,12410.86175116,3.70251711815857,9.37775591672857
6,2006-02-05,2006-02-11,44,9533.55368277,3.46446836315429,8.69654626324857
7,2006-02-12,2006-02-18,44,9201.45131643,3.39125009464143,7.52434424921286
8,2006-02-19,2006-02-25,44,10828.29013119,3.47488459556714,6.74532128305857
9,2006-02-26,2006-03-04,44,11542.90384272,3.33740917908143,6.41648499020429
10,2006-03-05,2006-03-11,44,10795.64885616,3.26619879064,6.16743990222714
11,2006-03-12,2006-03-18,44,6919.833415755,3.04161943276286,5.68719356814714
12,2006-03-19,2006-03-25,44,6070.43592271,3.00490246420429,5.36228500823714
13,2006-03-26,2006-04-01,44,7025.05854992,3.08065625334714,5.17713762971286
14,2006-04-02,2006-04-08,44,10734.66028653,3.09243308757143,5.29862215614143
15,2006-04-09,2006-04-15,44,10782.2080517,3.20182337430857,5.47010046181143
16,2006-04-16,2006-04-22,44,8221.64244459,3.12857406414714,5.56782361561857
17,2006-04-23,2006-04-29,44,8488.841176193,3.34509316182714,6.01419128249143
18,2006-04-30,2006-05-06,44,7038.163800698,3.22916602928143,5.77099698849143
19,2006-05-07,2006-05-13,44,7007.631538577,3.16158785759714,5.54393537804714
20,2006-05-14,2006-05-20,44,6114.176316401,3.27450641597143,5.37539363447286
21,2006-05-21,2006-05-27,44,6367.306737825,3.24489545415143,5.56929772154286
22,2006-05-28,2006-06-03,44,5413.840773247,3.11432546182286,5.33143192239571
23,2006-06-04,2006-06-10,44,6883.962276872,3.31952950033,4.67248977671
24,2006-06-11,2006-06-17,44,7894.563808011,3.45925599770286,4.50912832012286
25,2006-06-18,2006-06-24,44,8370.675684875,3.56748245400286,5.14385542049143
26,2006-06-25,2006-07-01,44,8826.39108035,3.63225532044143,5.99795745081571
27,2006-07-02,2006-07-08,44,5951.674804516,3.71425629083429,6.82279869451
28,2006-07-09,2006-07-15,44,6367.190963444,3.75810184459571,7.33425397197286
29,2006-07-16,2006-07-22,44,6807.586715088,3.73538095467286,7.23477561342571
30,2006-07-23,2006-07-29,44,5833.472112978,3.72540260494429,7.11479248307714
31,2006-07-30,2006-08-05,44,5171.73841069,3.59577338942286,7.05612726968714
32,2006-08-06,2006-08-12,44,5459.046421317,3.79565193970143,7.02744317674857
33,2006-08-13,2006-08-19,44,7537.36285829,3.85486336279,7.1960848357
34,2006-08-20,2006-08-26,44,9271.0462036,3.74357368632429,7.66357897715714
35,2006-08-27,2006-09-02,44,9072.04217409,3.88255381612714,8.14825135410571
36,2006-09-03,2006-09-09,44,9580.16434126,3.93088813919571,8.77596460061143
37,2006-09-10,2006-09-16,44,10393.23591135,3.89418803304571,9.05169638023571
38,2006-09-17,2006-09-23,44,9149.78492357,3.95442950114,8.40810337989429
39,2006-09-24,2006-09-30,44,7818.42770602,3.95020727957143,8.39463797721286
40,2006-10-01,2006-10-07,44,8019.87536258,3.92918612933286,8.65588406682857
41,2006-10-08,2006-10-14,44,10535.73483501,3.95474758032286,8.82694990189286
42,2006-10-15,2006-10-21,44,11006.15103724,4.04627784777429,8.91538793076286
43,2006-10-22,2006-10-28,44,8242.41336293,4.44121256661714,8.95473419961
44,2006-10-29,2006-11-04,44,12476.44065012,5.06234104411571,9.15697744399857
45,2006-11-05,2006-11-11,44,12671.61595056,5.00427818135571,9.95617512197857
46,2006-11-12,2006-11-18,44,11218.75763624,5.06818310843143,10.6439545504
47,2006-11-19,2006-11-25,44,8884.56729097,5.13798520037857,11.4574042973857
48,2006-11-26,2006-12-02,44,5765.597153044,4.83038731874571,12.0315458852714
49,2006-12-03,2006-12-09,44,7134.549614779,5.20689004483857,11.6470569998
50,2006-12-10,2006-12-16,44,13232.17177954,6.25917000445857,11.7743537481286
51,2006-12-17,2006-12-23,44,21217.32562109,6.52233165832429,11.9212555218857
52,2006-12-24,2006-12-30,44,26135.38174809,6.88045429307714,11.5294491902
53,2006-12-31,2007-01-06,44,28840.44591838,7.28199406211857,11.5171955929429
54,2007-01-07,2007-01-13,44,35850.20415633,7.64254213520714,11.7716589155857
55,2007-01-14,2007-01-20,44,32737.04361938,8.02868753977571,12.7428285246143
56,2007-01-21,2007-01-27,44,36270.46975593,8.15766264306857,13.8507708526143
57,2007-01-28,2007-02-03,44,37332.68901851,8.18355424000857,14.3121098767429
58,2007-02-04,2007-02-10,44,40974.44565661,8.95040061531714,14.6453091171714
59,2007-02-11,2007-02-17,44,45268.33939663,8.83988229497,14.8211521002429
60,2007-02-18,2007-02-24,44,48525.09220246,8.65913147319714,15.1247436287
61,2007-02-25,2007-03-03,44,45054.4568574,7.33048883182857,14.8618602803714
62,2007-03-04,2007-03-10,44,35664.21795558,6.79748223735286,12.6750959338714
63,2007-03-11,2007-03-17,44,33702.77734259,6.74869992502857,10.8489851639286
64,2007-03-18,2007-03-24,44,33523.11674978,6.47923049567714,9.95801316671857
65,2007-03-25,2007-03-31,44,26017.23280283,6.30007248845429,9.5125182869
66,2007-04-01,2007-04-07,44,24949.91246154,5.99822780801571,9.27252959463714
67,2007-04-08,2007-04-14,44,35312.09509881,5.57125593270429,9.14909006024143
68,2007-04-15,2007-04-21,44,35518.12620224,5.33603343386143,9.07289691619714
69,2007-04-22,2007-04-28,44,35182.66414485,5.25041646101,9.34838552436286
70,2007-04-29,2007-05-05,44,28809.21730785,5.33822281817143,9.65905189098143
71,2007-05-06,2007-05-12,44,29269.95771847,5.55536412635,9.82025386411
72,2007-05-13,2007-05-19,44,28412.9156162,5.64829223384429,9.91211393312714
73,2007-05-20,2007-05-26,44,25683.18846018,5.77082095893143,9.95702850182571
74,2007-05-27,2007-06-02,44,20750.97339829,5.63213638515714,9.88883054856286
75,2007-06-03,2007-06-09,44,23656.35104986,6.10899697810286,9.81458942760714
76,2007-06-10,2007-06-16,44,26821.15784335,7.02394059224143,10.3526160078
77,2007-06-17,2007-06-23,44,25409.76276912,8.01512098644,10.9124535661571
78,2007-06-24,2007-06-30,44,26874.72924918,8.37849191074143,11.7702458984
79,2007-07-01,2007-07-07,44,28077.49789051,8.70209792038286,12.5530452905143
80,2007-07-08,2007-07-14,44,28814.99962365,8.79217669516571,13.2586265802143
81,2007-07-15,2007-07-21,44,27640.71531748,8.76281943687714,13.6375087919
82,2007-07-22,2007-07-28,44,25914.32319524,8.65130472617429,13.8227615497714
83,2007-07-29,2007-08-04,44,27104.07274574,8.56655074844571,13.6005971506286
84,2007-08-05,2007-08-11,44,28553.37993611,8.64446422473714,13.2936592827714
85,2007-08-12,2007-08-18,44,25879.1605084,9.27578190445143,13.1917483272857
86,2007-08-19,2007-08-25,44,25177.47905117,11.3585262437571,14.3836623934286
87,2007-08-26,2007-09-01,44,21095.35837774,12.0553679422429,16.9430898769857
88,2007-09-02,2007-09-08,44,20232.68973499,12.2185961313,17.9231089800857
89,2007-09-09,2007-09-15,44,19633.20887489,12.1536738781286,18.4447319220857
90,2007-09-16,2007-09-22,44,19536.49719241,12.8471797062429,18.728504164
91,2007-09-23,2007-09-29,44,18516.21629622,13.5498376920429,19.3252314593143
92,2007-09-30,2007-10-06,44,16647.1439063,14.2551270472571,20.0805159987714
93,2007-10-07,2007-10-13,44,15309.72914631,13.7244247579571,20.5258943527
94,2007-10-14,2007-10-20,44,13649.53378106,12.7194211160429,20.1427023620571
95,2007-10-21,2007-10-27,44,12893.31814823,12.1819300543571,19.5587191942429
96,2007-10-28,2007-11-03,44,12690.94836182,11.9307653604571,19.2731832438286
97,2007-11-04,2007-11-10,44,11327.96110935,11.2804738991143,19.1377488167286
98,2007-11-11,2007-11-17,44,11616.44104358,10.9509206626,19.0753568778857
99,2007-11-18,2007-11-24,44,17976.94453943,9.47698664547714,18.8078563421571
100,2007-11-25,2007-12-01,44,21025.14130176,7.37493652987714,17.4675150775143
101,2007-12-02,2007-12-08,44,19591.35353829,6.32333897751,15.1780929862
102,2007-12-09,2007-12-15,44,22847.21313215,5.79050441722857,13.1142034575143
103,2007-12-16,2007-12-22,44,26709.82349249,5.19232878786714,11.8146288502857
104,2007-12-23,2007-12-29,44,28709.98816074,4.86719906452857,10.7677223137
105,2007-12-30,2008-01-05,44,25894.93943846,4.50914345379286,9.72058166412286
106,2008-01-06,2008-01-12,44,23489.55889847,4.13955754645857,9.08343938759714
107,2008-01-13,2008-01-19,44,17372.82715746,3.98078139326,8.56363423375
108,2008-01-20,2008-01-26,44,19820.58633332,3.89683717717857,8.27558643035714
109,2008-01-27,2008-02-02,44,18131.06608082,3.69098430486286,8.13474674895429
110,2008-02-03,2008-02-09,44,14074.22056755,3.56263126361429,8.06588381848143
111,2008-02-10,2008-02-16,44,11697.54830561,3.49782166696286,8.03221359751714
112,2008-02-17,2008-02-23,44,12256.70400521,3.49084935312286,7.78676162875286
113,2008-02-24,2008-03-01,44,12134.26062324,3.51142917046143,7.39542962454286
114,2008-03-02,2008-03-08,44,8956.19792552,3.52428109451286,7.202878087
115,2008-03-09,2008-03-15,44,8312.35988606,3.82801120964714,7.10907821984714
116,2008-03-16,2008-03-22,44,6695.666505847,3.59510656805143,7.05500116150429
117,2008-03-23,2008-03-29,44,6200.671275507,3.32160204509143,7.16891927458429
118,2008-03-30,2008-04-05,44,9633.832747387,3.25513298425857,7.1431898995
119,2008-04-06,2008-04-12,44,10205.30617324,3.35190214405571,7.07001205906714
120,2008-04-13,2008-04-19,44,9067.59763678,3.46210806622714,7.03963904807714
121,2008-04-20,2008-04-26,44,9646.41530772,3.50841359893857,7.09694484061
122,2008-04-27,2008-05-03,44,10588.75279088,3.49733184909143,7.07054609475571
123,2008-05-04,2008-05-10,44,12435.99326978,3.46548605809857,7.03449319659
124,2008-05-11,2008-05-17,44,11706.51990834,3.39144388667,7.01686529375
125,2008-05-18,2008-05-24,44,8163.442029041,3.29088369931857,7.00902260194286
126,2008-05-25,2008-05-31,44,7147.000135914,3.30779836079714,7.00465224683429
127,2008-06-01,2008-06-07,44,8540.665262932,3.49686710664143,7.00227469522143
128,2008-06-08,2008-06-14,44,11241.25540684,3.79439768562,7.00111220202571
129,2008-06-15,2008-06-21,44,12270.46286016,4.02745654461857,7.15487184852
130,2008-06-22,2008-06-28,44,11737.2054511,4.31249397463,7.54880015666571
131,2008-06-29,2008-07-05,44,16142.62292022,4.28854482571429,8.10642673175286
132,2008-07-06,2008-07-12,44,13794.61777281,4.48648946823143,8.47167896599429
133,2008-07-13,2008-07-19,44,11048.57988439,5.34507796811429,8.92199726057428
134,2008-07-20,2008-07-26,44,13899.50198183,6.58303400168714,9.84128261534286
135,2008-07-27,2008-08-02,44,12561.5279338,7.02649331777286,10.6137677926
136,2008-08-03,2008-08-09,44,10133.71230151,7.19484438753429,11.6905751995571
137,2008-08-10,2008-08-16,44,11200.78095206,7.27413726365429,12.3397409214429
138,2008-08-17,2008-08-23,44,11769.70246614,7.10797789671714,12.6387986195571
139,2008-08-24,2008-08-30,44,9523.19451203,6.49688787987714,12.6950535809143
140,2008-08-31,2008-09-06,44,8012.22400614,6.73224136657286,12.7759933600429
141,2008-09-07,2008-09-13,44,9148.5797506,6.69303645485857,12.8904729582
142,2008-09-14,2008-09-20,44,11881.20389208,6.50991818137857,12.3209614358429
143,2008-09-21,2008-09-27,44,15945.22000106,6.04944589208857,11.8261956290571
144,2008-09-28,2008-10-04,44,18789.72984027,6.03605908327143,12.1718567810857
145,2008-10-05,2008-10-11,44,22367.18554609,6.14151576529857,11.8257631342
146,2008-10-12,2008-10-18,44,24229.63102788,6.05275699418429,11.4439748719286
147,2008-10-19,2008-10-25,44,18153.45436529,5.81353378185571,11.2551747602286
148,2008-10-26,2008-11-01,44,10927.31871669,5.75285332399571,11.2163950694857
149,2008-11-02,2008-11-08,44,17397.9536863,7.10148210397286,11.2918953935286
150,2008-11-09,2008-11-15,44,25449.56515101,8.04065674932286,11.9739205784857
151,2008-11-16,2008-11-22,44,28109.14609105,8.85878106246286,12.4483242701571
152,2008-11-23,2008-11-29,44,25835.32414538,9.62126005801286,13.4319369110286
153,2008-11-30,2008-12-06,44,23400.35307367,9.43756749939857,14.7758148967429
154,2008-12-07,2008-12-13,44,25339.61004409,9.44549510545143,15.2250388699
155,2008-12-14,2008-12-20,44,32569.93614369,9.55197733884714,15.3536686850143
156,2008-12-21,2008-12-27,44,38299.38097503,9.88869001559286,15.5088773076429
157,2008-12-28,2009-01-03,44,43503.37957509,11.1676502374571,15.6035204643714
158,2009-01-04,2009-01-10,44,38079.55427642,11.7855835130429,16.1718973588571
159,2009-01-11,2009-01-17,44,40549.95915825,11.9036984176429,17.8637114853143
160,2009-01-18,2009-01-24,44,44146.11300087,12.2061668019714,18.9839680563571
161,2009-01-25,2009-01-31,44,44869.63562295,11.407429097,18.9912059699
162,2009-02-01,2009-02-07,44,49624.56895227,10.1995027735857,18.1451895765286
163,2009-02-08,2009-02-14,44,46697.54156592,9.91991047013857,16.5782599626571
164,2009-02-15,2009-02-21,44,45181.44357079,10.0143677944157,15.3859324414714
165,2009-02-22,2009-02-28,44,50122.35393459,9.91392896282143,14.9903883546714
166,2009-03-01,2009-03-07,44,63008.42445281,9.03697858611857,15.2242894943857
167,2009-03-08,2009-03-14,44,63044.72287552,7.62555093400571,15.5035957779286
168,2009-03-15,2009-03-21,44,70439.40070531,7.32220206059857,15.5361005581
169,2009-03-22,2009-03-28,44,76127.18415259,6.48546073933143,14.9845370378143
170,2009-03-29,2009-04-04,44,53572.80960654,5.83070255438286,14.2211412543286
171,2009-04-05,2009-04-11,44,53916.38437204,5.29161885079429,13.4590619179429
172,2009-04-12,2009-04-18,44,61964.77287123,5.16766309060571,12.6714358020714
173,2009-04-19,2009-04-25,44,53984.70846601,4.93274651081286,11.8618281033429
174,2009-04-26,2009-05-02,44,48918.50777431,4.92626597710571,10.7959011769429
175,2009-05-03,2009-05-09,44,58232.7293425,4.73191691554714,10.3011675476857
176,2009-05-10,2009-05-16,44,70605.05826681,4.68120602218286,10.2497986337714
177,2009-05-17,2009-05-23,44,63242.78557554,4.83383937218143,9.96537629891857
178,2009-05-24,2009-05-30,44,59888.86613967,5.23744020427,9.97232484140429
179,2009-05-31,2009-06-06,44,60465.85475922,5.84444015283,10.0245635934486
180,2009-06-07,2009-06-13,44,55085.84697941,6.34091636226143,10.7064170313286
181,2009-06-14,2009-06-20,44,51134.54369073,6.56288730463714,11.7726848473429
182,2009-06-21,2009-06-27,44,48384.7114784,6.60652219397,12.0141590735143
183,2009-06-28,2009-07-04,44,40237.84726837,6.70728603576571,12.0069230154714
184,2009-07-05,2009-07-11,44,49960.4164806,6.69379794611571,12.1617998392
185,2009-07-12,2009-07-18,44,56271.0966424,6.50810990081,12.1891931868571
186,2009-07-19,2009-07-25,44,54135.85994748,6.4106396972,12.8640065357429
187,2009-07-26,2009-08-01,44,53189.57903384,6.26452523347143,13.1359050066143
188,2009-08-02,2009-08-08,44,50119.5421236,6.16610119399429,12.9359213720571
189,2009-08-09,2009-08-15,44,50515.86903474,6.32293170078,12.9676892511857
190,2009-08-16,2009-08-22,44,45638.27503004,6.46463280273571,12.8921653492
191,2009-08-23,2009-08-29,44,48209.75668947,6.56073404924286,12.5075638787571
192,2009-08-30,2009-09-05,44,46617.00064727,6.33416412442571,12.2481710817857
193,2009-09-06,2009-09-12,44,50906.39270955,6.26714853524571,12.1213421372571
194,2009-09-13,2009-09-19,44,54726.85947365,6.23907332230143,12.0593296937
195,2009-09-20,2009-09-26,44,44924.15967732,6.23996313798714,12.0325442207714
196,2009-09-27,2009-10-03,44,40122.99397699,7.32722150678143,12.0189509438429
197,2009-10-04,2009-10-10,44,55406.95185596,10.5211977169729,13.346492774
198,2009-10-11,2009-10-17,44,42277.11487723,11.6582401485286,15.0839853057286
199,2009-10-18,2009-10-24,44,31264.10260093,12.1861355939714,16.3194486241571
200,2009-10-25,2009-10-31,44,38991.11749477,12.8271178796429,18.8831851882143
201,2009-11-01,2009-11-07,44,36028.36553658,12.4910908177143,20.2001693838429
202,2009-11-08,2009-11-14,44,34197.14353121,12.6669179413429,20.4274522235714
203,2009-11-15,2009-11-21,44,31902.32818179,14.8248161964714,20.5284029872714
204,2009-11-22,2009-11-28,44,38528.69672547,15.2832976803714,21.4450673839143
205,2009-11-29,2009-12-05,44,38011.5913062,14.3575931066,22.8072852823857
206,2009-12-06,2009-12-12,44,45373.74289643,13.5236006775143,23.9444851020143
207,2009-12-13,2009-12-19,44,46104.23680103,13.5883840255286,24.3806878681
208,2009-12-20,2009-12-26,44,49918.48541446,13.9718727631571,23.4174804057143
209,2009-12-27,2010-01-02,44,52231.93428993,14.0455325807286,22.6409591251143
210,2010-01-03,2010-01-09,44,57980.47729726,12.8067452800143,22.0998583297143
211,2010-01-10,2010-01-16,44,52662.55885567,11.6516006689857,21.6249793564429
212,2010-01-17,2010-01-23,44,48024.74986277,11.5787586378429,20.8310703297
213,2010-01-24,2010-01-30,44,56190.27530924,11.7065213618857,20.1336978922
214,2010-01-31,2010-02-06,44,60241.81503358,11.1555371558286,19.4650618058
215,2010-02-07,2010-02-13,44,56881.03802634,10.5261857249,18.8499407598286
216,2010-02-14,2010-02-20,44,60273.50087834,9.63253794310143,18.4155747220286
217,2010-02-21,2010-02-27,44,64869.78226273,8.13279491503429,18.0488653539
218,2010-02-28,2010-03-06,44,49283.37888701,6.87460168889714,16.8417173803286
219,2010-03-07,2010-03-13,44,58694.03987851,6.69797277713429,15.2323089595
220,2010-03-14,2010-03-20,44,54512.01542478,6.09674507454143,13.7169461415143
221,2010-03-21,2010-03-27,44,52489.44970061,5.67729962527571,12.0343987202
222,2010-03-28,2010-04-03,44,43043.11708846,5.73113793439571,12.1975899268714
223,2010-04-04,2010-04-10,44,47823.33817903,5.75686820302143,12.8439913637286
224,2010-04-11,2010-04-17,44,48892.6278551,5.33366739907429,12.9947177355143
225,2010-04-18,2010-04-24,44,48098.90715568,4.92826285998857,12.9070564864286
226,2010-04-25,2010-05-01,44,44330.36350686,4.85364510875286,12.5148448335
227,2010-05-02,2010-05-08,44,44012.01865323,4.88077964998,11.0245564687914
228,2010-05-09,2010-05-15,44,44202.83458179,4.86837660407857,9.96855205448857
229,2010-05-16,2010-05-22,44,41474.37634831,5.13718006721571,10.5064242089714
230,2010-05-23,2010-05-29,44,44735.23179798,5.2503911397,10.8357351992286
231,2010-05-30,2010-06-05,44,43981.93119827,5.42431228712286,10.9234989408143
232,2010-06-06,2010-06-12,44,49538.56687644,5.64428271640714,11.1915842155
233,2010-06-13,2010-06-19,44,49058.03197862,5.91249574504,11.5939826731571
234,2010-06-20,2010-06-26,44,42420.49887047,6.04027674144857,11.6471516069286
235,2010-06-27,2010-07-03,44,37875.9917145,6.10002568089,11.4249743033429
236,2010-07-04,2010-07-10,44,49262.17982117,6.18362687078857,11.2690298672571
237,2010-07-11,2010-07-17,44,52865.90997708,6.18569104768571,11.5172916346714
238,2010-07-18,2010-07-24,44,50865.05202146,6.26749965943429,11.7258866719143
239,2010-07-25,2010-07-31,44,46033.68209511,6.39896706317143,11.7929657341429
240,2010-08-01,2010-08-07,44,48964.59806282,6.78121101517143,12.0530995666857
241,2010-08-08,2010-08-14,44,49186.43641923,7.00033404668286,12.5031258754857
242,2010-08-15,2010-08-21,44,45459.3742875,7.70888895513857,12.7570556256
243,2010-08-22,2010-08-28,44,41140.40540284,7.93766271590143,12.8812134379
244,2010-08-29,2010-09-04,44,44295.96080499,8.84784815244714,12.9390556777143
245,2010-09-05,2010-09-11,44,42660.20982819,9.50932701497,13.4383908059286
246,2010-09-12,2010-09-18,44,43109.47127829,10.6877736180071,15.1004254556286
247,2010-09-19,2010-09-25,44,40348.48735179,12.3071697977714,17.6474626936143
248,2010-09-26,2010-10-02,44,39268.31001423,13.4291678927143,19.7441090297714
249,2010-10-03,2010-10-09,44,39005.96764996,13.7566479760143,21.3634092544143
250,2010-10-10,2010-10-16,44,35056.39909997,13.3344127104143,22.2493029417714
251,2010-10-17,2010-10-23,44,34207.63578841,13.4931765666,22.6082012778429
252,2010-10-24,2010-10-30,44,35734.06963978,13.3559812232714,22.8084317722429
253,2010-10-31,2010-11-06,44,29716.0125202,13.6479722829571,23.017690124
254,2010-11-07,2010-11-13,44,25302.65496835,16.2792508143857,24.9180138217143
255,2010-11-14,2010-11-20,44,28045.57594999,19.6634753188857,28.9822665972571
256,2010-11-21,2010-11-27,44,27266.37404678,20.8881786554714,32.5891093005429
257,2010-11-28,2010-12-04,44,29082.39188407,20.6649095435429,35.9707622559429
258,2010-12-05,2010-12-11,44,30142.24742885,20.2933220007286,37.8496048182429
259,2010-12-12,2010-12-18,44,28462.17530572,21.9391711940714,39.3448639720714
260,2010-12-19,2010-12-25,44,25495.30753303,26.2578089560857,45.5404217039286
261,2010-12-26,2011-01-01,44,25365.67781787,27.0194880230714,54.1336190137571
262,2011-01-02,2011-01-08,44,24729.61716094,28.3480810149286,53.7502860701571
263,2011-01-09,2011-01-15,44,30594.8354249,28.742716832,54.6244336818714
264,2011-01-16,2011-01-22,44,32166.40604308,27.0408462483714,52.4847469461
265,2011-01-23,2011-01-29,44,37607.84766069,22.0961728261286,49.3455274144857
266,2011-01-30,2011-02-05,44,42762.42116432,17.1673950404714,41.4480876596857
267,2011-02-06,2011-02-12,44,52895.5144968,13.0481069591143,32.3296108510286
268,2011-02-13,2011-02-19,44,52454.05299184,10.7022930089,26.1804244208714
269,2011-02-20,2011-02-26,44,66921.94344479,9.80046256007714,22.6473242965714
270,2011-02-27,2011-03-05,44,62734.9292907,7.85023479691143,21.4173945283286
271,2011-03-06,2011-03-12,44,63415.19871849,6.13841127044143,19.2953894880429
272,2011-03-13,2011-03-19,44,63309.66894807,5.28705013088714,16.7075716109286
273,2011-03-20,2011-03-26,44,47877.20984164,4.99676613271571,14.9786440358286
274,2011-03-27,2011-04-02,44,34583.88749537,5.18032851994714,14.2162770624286
275,2011-04-03,2011-04-09,44,32133.6840192,5.12957700826143,14.0826023497714
276,2011-04-10,2011-04-16,44,41223.35534376,4.97161062497857,14.0464887514143
277,2011-04-17,2011-04-23,44,30140.65079893,5.10931900115857,13.8229228313571
278,2011-04-24,2011-04-30,44,31563.95655525,5.45124679883,13.5459653623857
279,2011-05-01,2011-05-07,44,30391.97082183,5.18689433858286,13.7447643167143
280,2011-05-08,2011-05-14,44,28793.17558345,5.07004075099571,14.3523667381
281,2011-05-15,2011-05-21,44,31836.35679378,5.24264607919286,14.6535288851286
282,2011-05-22,2011-05-28,44,31938.97256143,5.34316024413714,14.9115108016
283,2011-05-29,2011-06-04,44,29209.0652608,5.26468756731429,15.2421164134714
284,2011-06-05,2011-06-11,44,29319.02507761,5.89516645228,15.1903683774714
285,2011-06-12,2011-06-18,44,34923.38330944,6.61381455642857,15.4788304520714
286,2011-06-19,2011-06-25,44,34977.5234426,7.06991800688286,15.7451764872857
287,2011-06-26,2011-07-02,44,37560.58971402,7.37747936298286,16.4107322646857
288,2011-07-03,2011-07-09,44,36684.19437885,7.68724592806714,16.5542347519429
289,2011-07-10,2011-07-16,44,35342.70039636,7.77937330693286,16.2817366511286
290,2011-07-17,2011-07-23,44,45689.47237649,7.97072038215571,16.1377538718286
291,2011-07-24,2011-07-30,44,37708.26843727,8.25308380525286,16.0673541377286
292,2011-07-31,2011-08-06,44,37017.61426406,8.44872966789429,16.0329325035143
293,2011-08-07,2011-08-13,44,36508.97497026,9.05300155263429,16.0161021998714
294,2011-08-14,2011-08-20,44,29246.48298815,9.82232302410857,16.3921496754714
295,2011-08-21,2011-08-27,44,32337.88542624,10.8325028314714,17.1061991059571
296,2011-08-28,2011-09-03,44,30444.97184647,11.040627931,17.8611044879
297,2011-09-04,2011-09-10,44,38056.06437388,10.9206980728,18.553908031
298,2011-09-11,2011-09-17,44,28045.64701545,10.4807804281714,19.2590484132857
299,2011-09-18,2011-09-24,44,31371.59763157,10.7775390281571,19.9504579494429
300,2011-09-25,2011-10-01,44,49867.81577423,10.2626554355029,20.4868311222143
301,2011-10-02,2011-10-08,44,42434.8941042,9.69545611601143,20.6986196821429
302,2011-10-09,2011-10-15,44,41424.48308951,9.29876128550286,20.4921617719
303,2011-10-16,2011-10-22,44,41020.3430185,8.73681375284714,20.6263909785571
304,2011-10-23,2011-10-29,44,26471.83288819,8.54666846332429,18.9111810012429
305,2011-10-30,2011-11-05,44,22146.43863704,9.04617861572714,17.5795248479286
306,2011-11-06,2011-11-12,44,30711.01150967,9.12862813888143,19.1763024845857
307,2011-11-13,2011-11-19,44,34683.54656553,8.58776533349714,17.9620151499571
308,2011-11-20,2011-11-26,44,32659.90009103,7.85493403114286,17.5970493474429
309,2011-11-27,2011-12-03,44,27570.21580129,7.66150539573429,16.8658362287429
310,2011-12-04,2011-12-10,44,27193.36969897,7.40188086518857,16.3305139718571
311,2011-12-11,2011-12-17,44,28664.46422325,6.73601507455143,16.8264343376857
312,2011-12-18,2011-12-24,44,28065.09927282,5.93271036823286,16.9151358479714
313,2011-12-25,2011-12-31,44,35929.42448267,5.37335858455,16.2949250071
314,2012-01-01,2012-01-07,44,40076.28841048,4.81686159756571,15.5560531705286
315,2012-01-08,2012-01-14,44,35940.81858927,4.41194809057286,15.0896655706429
316,2012-01-15,2012-01-21,44,38920.22643612,4.35207012650857,14.4946918548571
317,2012-01-22,2012-01-28,44,51636.48843975,4.82365397001,13.8983457172429
318,2012-01-29,2012-02-04,44,50411.50195297,4.65327367843857,13.4829991897714
319,2012-02-05,2012-02-11,44,47771.42604167,4.15109571615857,13.2361602873143
320,2012-02-12,2012-02-18,44,48578.14845771,3.85939092563714,12.0010391310429
321,2012-02-19,2012-02-25,44,47223.87937572,4.02416003749143,11.4178872477571
322,2012-02-26,2012-03-03,44,54991.68730731,4.06391915076571,11.5192097614
323,2012-03-04,2012-03-10,44,51072.73747371,3.79003188023286,11.9966157929
324,2012-03-11,2012-03-17,44,45544.16997365,3.83526008124857,12.4605264434857
325,2012-03-18,2012-03-24,44,44521.32424881,3.73818510084714,11.9663410630857
326,2012-03-25,2012-03-31,44,34514.05651662,3.95129513087286,11.1074492099143
327,2012-04-01,2012-04-07,44,28091.62899618,4.34890127409,11.5263231101571
328,2012-04-08,2012-04-14,44,31570.80763683,4.47404332596,11.7159140962
329,2012-04-15,2012-04-21,44,37222.0655927,4.29734288495143,11.8610974716571
330,2012-04-22,2012-04-28,44,35610.5552724,4.05731068737286,11.9320842318286
331,2012-04-29,2012-05-05,44,36076.72082484,4.05117230019286,11.1610193448143
332,2012-05-06,2012-05-12,44,47361.71122187,4.11099161189571,11.7517508268857
333,2012-05-13,2012-05-19,44,49180.51579114,4.00570819722571,12.2474519437429
334,2012-05-20,2012-05-26,44,41787.59658846,4.10428976412,12.9992537513
335,2012-05-27,2012-06-02,44,38560.0107329,4.09647702207143,14.4856214389714
336,2012-06-03,2012-06-09,44,43816.26887333,4.21628972475,15.1972896670714
337,2012-06-10,2012-06-16,44,46868.46111011,4.43523516137429,15.0657864139143
338,2012-06-17,2012-06-23,44,49765.91371374,4.81104398018429,13.9985242083143
339,2012-06-24,2012-06-30,44,52754.26134965,4.94218695118857,10.0685677304529
340,2012-07-01,2012-07-07,44,49026.11548974,5.27349958346286,11.3724028742457
341,2012-07-08,2012-07-14,44,52115.59201864,5.44483972923571,13.2869002352143
342,2012-07-15,2012-07-21,44,49358.78176538,5.44733241808429,14.2525462844429
343,2012-07-22,2012-07-28,44,52292.71086799,5.62075660197857,14.5966840537143
344,2012-07-29,2012-08-04,44,52785.48050561,5.72937083690429,14.5689333402
345,2012-08-05,2012-08-11,44,51220.27103028,5.89394084377714,14.7715585774571
346,2012-08-12,2012-08-18,44,47303.10827197,6.31534646434429,14.5195130952
347,2012-08-19,2012-08-25,44,44330.11484882,6.58471755675571,13.8345434783714
348,2012-08-26,2012-09-01,44,47572.30182774,6.53517288229857,13.5229555527
349,2012-09-02,2012-09-08,44,46736.36018875,6.23751785188714,13.9849942673286
350,2012-09-09,2012-09-15,44,45671.8855756,5.84189917769857,14.0900698103143
351,2012-09-16,2012-09-22,44,41860.77159372,5.64426284924857,12.844788342
352,2012-09-23,2012-09-29,44,37991.83283204,5.62266635667714,12.7731192447143
353,2012-09-30,2012-10-06,44,36167.92319546,5.62144542605429,13.1893147751571
354,2012-10-07,2012-10-13,44,47099.00492545,5.91584259280286,13.4597852345571
355,2012-10-14,2012-10-20,44,50604.46400609,6.78898313884571,14.1216151014429
356,2012-10-21,2012-10-27,44,49265.66248962,8.39030688425143,14.3306986914429
357,2012-10-28,2012-11-03,44,45929.23820821,9.17818730512,14.8866321445714
358,2012-11-04,2012-11-10,44,38678.10233473,9.27462854614286,16.6667434519857
359,2012-11-11,2012-11-17,44,25298.53723885,9.14484796784714,15.4517027082429
360,2012-11-18,2012-11-24,44,24253.83344795,9.73449952093429,15.7509531664571
361,2012-11-25,2012-12-01,44,31268.45078091,9.94405076701714,17.5092153612714
362,2012-12-02,2012-12-08,44,31322.28107693,10.2480937769,18.1843170945857
363,2012-12-09,2012-12-15,44,34269.82338554,10.9812079405714,18.8072517397429
364,2012-12-16,2012-12-22,44,38484.49385966,11.3494236799,18.9705580136714
365,2012-12-23,2012-12-29,44,40764.48863013,10.9546932557857,19.0263834532714
366,2012-12-30,2013-01-05,44,44269.95764724,10.9029168411714,18.4836999162714
367,2013-01-06,2013-01-12,44,46074.54236722,10.9107829355857,17.8205570842857
368,2013-01-13,2013-01-19,44,42173.10993606,11.2645831905571,18.4766217915143
369,2013-01-20,2013-01-26,44,46672.98810554,12.5980862447,21.4299423176286
370,2013-01-27,2013-02-02,44,48114.48884968,14.4153026332857,24.2635971737714
371,2013-02-03,2013-02-09,44,52535.66702903,15.3878029228714,26.3703412488
372,2013-02-10,2013-02-16,44,48220.8412214,14.5930846877857,26.2649840410286
373,2013-02-17,2013-02-23,44,42554.79341627,12.8769485881429,23.2367416883
374,2013-02-24,2013-03-02,44,45247.64355058,11.9386738469429,21.7484541745714
375,2013-03-03,2013-03-09,44,42647.6379394,10.1036765093686,20.6984333114143
376,2013-03-10,2013-03-16,44,41735.96865309,9.42130090476857,20.2021150469429
377,2013-03-17,2013-03-23,44,52169.68907401,9.39741139301857,20.2277488187857
378,2013-03-24,2013-03-30,44,43801.22968541,9.37156385740857,20.2572977230286
379,2013-03-31,2013-04-06,44,39983.98316884,9.60157797212571,20.5667319138
380,2013-04-07,2013-04-13,44,43985.93310992,9.20927044081429,19.0246673057857
381,2013-04-14,2013-04-20,44,39374.09480243,8.61313908539,17.3802287297857
382,2013-04-21,2013-04-27,44,41498.3964867,8.07653893174,17.1288459665
383,2013-04-28,2013-05-04,44,41215.75045935,8.11925626086571,15.9370267899
384,2013-05-05,2013-05-11,44,43428.43290954,8.21116410459286,16.1877659570143
385,2013-05-12,2013-05-18,44,42297.85727851,8.29918255746429,17.2942337539714
386,2013-05-19,2013-05-25,44,37179.0782603,8.39499991371571,18.6105309408286
387,2013-05-26,2013-06-01,44,34828.54831792,9.39951064563571,20.2414487576571
388,2013-06-02,2013-06-08,44,34877.47304191,10.8862389876714,21.3427300900857
389,2013-06-09,2013-06-15,44,34333.27051999,11.9836971935,20.9315393737143
390,2013-06-16,2013-06-22,44,36940.22079167,13.0555666204857,21.4522861076
391,2013-06-23,2013-06-29,44,39287.02926575,13.7078186334,23.4268609354857
392,2013-06-30,2013-07-06,44,41474.22398427,14.6197295446286,24.9702509754143
393,2013-07-07,2013-07-13,44,45923.1967695,16.8269515076571,27.9590489863429
394,2013-07-14,2013-07-20,44,43955.78566156,18.7838960232143,30.7316660274286
395,2013-07-21,2013-07-27,44,41066.87044795,20.3389673905286,31.9320368386286
396,2013-07-28,2013-08-03,44,37294.45754616,21.4146576276857,32.3930834619286
397,2013-08-04,2013-08-10,44,30331.17356023,24.9376269451857,35.1644189828857
398,2013-08-11,2013-08-17,44,24304.70953091,33.8556539096,42.2512256116
399,2013-08-18,2013-08-24,44,18892.53483425,35.6592828487571,48.5508803883714
400,2013-08-25,2013-08-31,44,15121.36442677,35.0877463287,48.1999985537857
401,2013-09-01,2013-09-07,44,11486.82528977,36.0021710765429,45.7591690738714
402,2013-09-08,2013-09-14,44,11707.1150168,38.8740855021714,33.3414234715
403,2013-09-15,2013-09-21,44,12146.37199649,41.8369121991429,35.3219337359286
404,2013-09-22,2013-09-28,44,10873.12455385,38.9208609894429,46.3484450461429
405,2013-09-29,2013-10-05,44,9060.19408706,35.1374282324286,52.7825263975143
406,2013-10-06,2013-10-12,44,8418.526617779,32.9001956133286,55.0966932403429
407,2013-10-13,2013-10-19,44,11277.28162625,33.9620007039857,56.1184072235
408,2013-10-20,2013-10-26,44,17391.15253315,38.0479489318429,58.3313263282571
409,2013-10-27,2013-11-02,44,18103.49072388,36.434502314,62.2455775237429
410,2013-11-03,2013-11-09,44,11154.01580001,32.9933072180857,54.1136142050571
411,2013-11-10,2013-11-16,44,17150.34075669,34.2443304845286,58.2161335329143
412,2013-11-17,2013-11-23,44,20056.49835769,28.9227454726714,62.1946973594143
413,2013-11-24,2013-11-30,44,23828.7474693,24.2371775605571,63.0867543076714
414,2013-12-01,2013-12-07,44,27303.31229155,19.5445825348143,56.4310740555286
415,2013-12-08,2013-12-14,44,32027.37024903,17.2886814934429,54.3645556428714
416,2013-12-15,2013-12-21,44,36112.31383446,13.169358029,49.5445914089571
417,2013-12-22,2013-12-28,44,38673.28957325,11.0723040964143,42.9230163521
418,2013-12-29,2014-01-04,44,37416.4434277,10.7363932074857,35.2131148575286
419,2014-01-05,2014-01-11,44,49659.7994802,10.3152897627614,28.4343574619571
420,2014-01-12,2014-01-18,44,45542.6382641,9.06708508861857,24.6111028313714
421,2014-01-19,2014-01-25,44,48688.82784447,8.53615287522,23.0982453706
422,2014-01-26,2014-02-01,44,50608.72656115,8.11792243351286,21.2659630454714
423,2014-02-02,2014-02-08,44,59075.64538359,7.23452628317571,22.0858244001857
424,2014-02-09,2014-02-15,44,46551.78721926,6.31268802282,22.0153727912
425,2014-02-16,2014-02-22,44,35337.97720704,5.96033160824857,19.7805501081
426,2014-02-23,2014-03-01,44,36555.83913576,6.42176390161143,17.4793121296143
427,2014-03-02,2014-03-08,44,42336.5219498,6.45440267171429,16.6015024893286
428,2014-03-09,2014-03-15,44,56034.42780816,6.77735605329429,15.5226622732571
429,2014-03-16,2014-03-22,44,53579.36304356,6.74820689554714,15.6291703636286
430,2014-03-23,2014-03-29,44,43956.01355361,6.88093606049429,17.8349005594
431,2014-03-30,2014-04-05,44,33108.71368398,7.10413707354571,18.1515863391143
432,2014-04-06,2014-04-12,44,34683.87609211,6.94005591334571,18.3512552720857
433,2014-04-13,2014-04-19,44,20701.04710259,6.98144132063429,17.3916857971143
434,2014-04-20,2014-04-26,44,25989.40805937,7.62552190347714,16.4898924544714
435,2014-04-27,2014-05-03,44,34553.96216867,7.90543708524571,17.1452247804714
436,2014-05-04,2014-05-10,44,35026.29537672,8.10487263942857,18.5469467110571
437,2014-05-11,2014-05-17,44,31360.46741975,8.36922626146571,20.5225915479571
438,2014-05-18,2014-05-24,44,35289.54236167,8.90248558702286,23.6476647685714
439,2014-05-25,2014-05-31,44,31926.66198059,9.15801814915571,25.4322343589714
440,2014-06-01,2014-06-07,44,25940.48158543,10.63264592188,26.5492039304857
441,2014-06-08,2014-06-14,44,29345.37014749,11.4731731907857,27.4929226619
442,2014-06-15,2014-06-21,44,31780.39402352,12.7836794885143,28.2831900552143
443,2014-06-22,2014-06-28,44,38897.23759345,14.2034681445286,28.4586251656714
444,2014-06-29,2014-07-05,44,42285.72687565,16.4360387299571,26.40536949
445,2014-07-06,2014-07-12,44,39396.99337378,18.1708088564571,27.7359399842
446,2014-07-13,2014-07-19,44,36976.96874771,18.6063125031714,28.6485221496571
447,2014-07-20,2014-07-26,44,40390.52364175,18.2727958027429,28.5718082335714
448,2014-07-27,2014-08-02,44,35527.60533623,17.7438232861429,28.0418092596
449,2014-08-03,2014-08-09,44,28983.74059871,17.5864909261571,26.9642646862286
450,2014-08-10,2014-08-16,44,19698.7183354,16.6469064005857,25.4909989323429
451,2014-08-17,2014-08-23,44,18394.64816046,16.4382970684143,26.0948311894286
452,2014-08-24,2014-08-30,44,20131.43295415,16.5430968492,26.7089253720714
453,2014-08-31,2014-09-06,44,20756.2845041,15.8208223791714,26.5816093492714
454,2014-09-07,2014-09-13,44,17539.72295032,14.8857574250857,26.1502021607571
455,2014-09-14,2014-09-20,44,20555.41227917,14.5237667070429,28.3216594617
456,2014-09-21,2014-09-27,44,19111.541648,13.5173643503571,29.0229911526143
457,2014-09-28,2014-10-04,44,12358.1057046,13.002768909,28.5852493075857
458,2014-10-05,2014-10-11,44,12150.15290549,13.5686342240429,28.6949786116714
459,2014-10-12,2014-10-18,44,13985.68850892,14.7899084076143,26.7544418016857
460,2014-10-19,2014-10-25,44,11620.64340405,14.9786734792429,25.5864589917857
461,2014-10-26,2014-11-01,44,10688.76383135,15.6608463849571,25.2577918500143
462,2014-11-02,2014-11-08,44,16260.61231179,15.4905673347,27.1363109963714
463,2014-11-09,2014-11-15,44,22178.28463277,14.8440803492714,28.3676139070429
464,2014-11-16,2014-11-22,44,26410.92794404,14.4998253968429,29.3613833355
465,2014-11-23,2014-11-29,44,23337.12660407,14.4844372292143,30.1548112817571
466,2014-11-30,2014-12-06,44,26246.39146196,14.3239193647429,30.8988377503429
467,2014-12-07,2014-12-13,44,28175.79873193,14.1738242767571,30.826013715
468,2014-12-14,2014-12-20,44,31537.95951949,15.1134593039857,30.1865082228286
469,2014-12-21,2014-12-27,44,38585.70954796,15.8421172278857,29.8552753311714
470,2014-12-28,2015-01-03,44,51239.40186641,14.3593659525571,29.5023053070286
471,2015-01-04,2015-01-10,44,54331.06723368,13.1517700278,28.8290453353
472,2015-01-11,2015-01-17,44,57291.64284581,12.4551930231714,28.6800056640143
473,2015-01-18,2015-01-24,44,58211.0687241,12.2141379066,28.5034481177714
474,2015-01-25,2015-01-31,44,56314.19153938,12.2029439307857,27.9176818447571
475,2015-02-01,2015-02-07,44,63317.71428016,12.9770473476714,27.3960383772714
476,2015-02-08,2015-02-14,44,70097.18941241,13.3674013828143,27.1936411880857
477,2015-02-15,2015-02-21,44,59051.90595646,13.3549672672571,23.7753826358429
478,2015-02-22,2015-02-28,44,51711.02450157,12.9166426987286,23.6103637888286
479,2015-03-01,2015-03-07,44,56864.47226685,12.5135686227571,25.0345239858571
480,2015-03-08,2015-03-14,44,61441.48384139,12.4720418965429,26.0973124284857
481,2015-03-15,2015-03-21,44,71182.4312256,12.1658376848286,26.7645099051714
482,2015-03-22,2015-03-28,44,59243.50194935,10.4798012676857,26.0078700498
483,2015-03-29,2015-04-04,44,48440.32649822,10.2416390800571,25.1816051581571
484,2015-04-05,2015-04-11,44,56825.24911067,10.0715031375143,24.2506850458
485,2015-04-12,2015-04-18,44,68891.09595068,9.95821533198,22.9795513710857
486,2015-04-19,2015-04-25,44,62669.28835979,9.87977531384429,22.0587943289571
487,2015-04-26,2015-05-02,44,58374.14823731,9.86736447852429,21.8951977417571
488,2015-05-03,2015-05-09,44,48886.61098222,10.3255394415657,21.9085425904
489,2015-05-10,2015-05-16,44,57371.44188173,11.0047873108,21.9085425904
490,2015-05-17,2015-05-23,44,59526.30772501,11.4151329754143,21.9085425904
491,2015-05-24,2015-05-30,44,56604.41494915,12.2007698694286,21.9085425904
492,2015-05-31,2015-06-06,44,56674.90019847,13.8380033034143,21.9085425904
493,2015-06-07,2015-06-13,44,63420.91986962,15.2557589223857,21.9085425904
494,2015-06-14,2015-06-20,44,62817.40942319,15.8010626207286,21.9085425904
495,2015-06-21,2015-06-27,44,50720.3725048,15.80227296435,21.9085425904
